"Table 12: Local Authority: Gross domestic product (GDP) chained volume measures (CVM) annual growth rates, percentage [note 1]",Unnamed: 1,Unnamed: 2,Unnamed: 3,Unnamed: 4,Unnamed: 5,Unnamed: 6,Unnamed: 7,Unnamed: 8,Unnamed: 9,Unnamed: 10,Unnamed: 11,Unnamed: 12,Unnamed: 13,Unnamed: 14,Unnamed: 15,Unnamed: 16,Unnamed: 17,Unnamed: 18,Unnamed: 19,Unnamed: 20,Unnamed: 21,Unnamed: 22,Unnamed: 23,Unnamed: 24,Unnamed: 25,Unnamed: 26
ITL1 Region,LA code,LA name,1999.0,2000.0,2001.0,2002.0,2003.0,2004.0,2005.0,2006.0,2007.0,2008.0,2009.0,2010.0,2011.0,2012.0,2013.0,2014.0,2015.0,2016.0,2017.0,2018.0,2019.0,2020.0,2021.0,2022.0
North East,E06000001,Hartlepool,6.0,0.2,0.0,1.8,2.1,0.8,-0.9,1.6,1.2,-3.5,-5.3,2.8,1.6,2.8,0.4,-3.0,5.2,7.7,-1.2,-3.4,-1.3,-3.9,-4.1,5.1
North East,E06000004,Stockton-on-Tees,5.3,1.2,1.4,2.2,4.8,4.7,-1.7,4.3,1.5,-4.1,-2.2,1.7,2.7,0.9,0.8,2.3,6.0,-0.1,-3.0,0.0,2.3,-7.4,9.4,2.3
North East,E06000002,Middlesbrough,3.6,1.3,-0.3,0.6,3.0,5.1,2.4,3.5,-0.3,-1.6,-2.5,-1.3,2.0,1.1,-2.3,1.4,3.3,3.5,4.1,4.6,-2.3,-18.9,18.5,7.0
North East,E06000003,Redcar and Cleveland,3.3,2.3,-2.5,2.2,5.9,-0.6,-1.6,1.2,-2.7,-1.1,-2.7,3.1,0.6,3.7,-2.3,4.0,3.1,-4.8,-7.1,3.3,0.0,-7.7,0.7,3.8
North East,E06000005,Darlington,6.4,15.1,10.8,9.1,9.8,9.3,0.4,4.6,-1.1,5.4,-4.2,6.0,5.9,2.8,1.7,16.2,10.7,-3.0,1.9,2.6,-0.8,-12.9,14.6,5.0
North East,E06000047,County Durham,4.9,1.5,2.1,2.1,3.5,4.7,0.0,2.8,1.9,-1.4,-4.5,1.6,-1.1,0.4,-1.1,-1.2,0.4,-2.1,2.0,3.6,2.2,-5.5,6.8,3.2
North East,E06000057,Northumberland,1.5,1.1,3.8,4.8,1.5,5.1,0.4,3.0,-1.1,-2.3,-5.5,3.2,1.5,0.5,-0.1,2.2,0.5,-0.5,1.3,0.1,3.6,-13.0,8.1,7.6
North East,E08000021,Newcastle upon Tyne,-2.0,1.7,5.2,4.1,2.4,7.0,2.6,3.0,-0.7,-4.1,-5.3,3.5,3.9,2.7,-0.2,1.4,4.5,2.6,5.0,0.2,1.8,-17.1,17.1,8.2
North East,E08000022,North Tyneside,3.5,6.4,10.1,10.4,4.3,7.4,2.4,2.5,0.3,0.7,-3.0,6.6,5.4,3.5,0.3,6.5,6.7,3.2,9.3,5.5,0.9,-9.0,10.6,6.2
North East,E08000023,South Tyneside,-0.1,2.7,2.9,2.3,2.1,5.6,1.5,2.6,-1.7,-1.3,-7.9,4.0,3.6,7.4,-0.1,3.4,-1.9,-4.3,1.0,-0.9,2.0,-17.2,13.4,0.8
North East,E08000037,Gateshead,0.3,2.8,2.7,4.0,1.7,6.0,2.7,3.5,-0.4,-3.8,-7.1,4.0,4.4,1.4,-6.6,0.5,0.3,1.2,-0.4,-0.4,6.2,-17.1,12.3,-0.5
North East,E08000024,Sunderland,0.5,3.5,9.5,3.4,2.9,5.9,0.6,2.4,-0.8,-0.4,-5.3,-0.2,2.6,-0.5,5.3,1.7,4.4,-0.2,2.8,-1.2,1.5,-16.2,5.3,3.3
North West,E06000063,Cumberland,7.8,-5.0,0.1,0.9,2.9,-0.8,4.1,6.7,-2.1,1.4,-4.0,1.0,-2.8,3.2,3.0,5.5,2.5,-2.3,-2.0,-2.8,-0.3,-16.2,7.8,3.3
North West,E06000064,Westmorland and Furness,1.6,2.7,-2.0,5.2,5.3,2.7,0.0,5.2,0.2,0.9,-5.3,3.0,0.1,2.1,0.1,2.6,2.3,-0.2,4.3,-1.0,6.0,-9.0,6.3,0.2
North West,E08000003,Manchester,3.7,2.9,3.2,2.6,2.9,5.0,5.8,3.2,6.7,-0.4,-2.5,3.9,0.5,3.6,0.6,1.8,3.8,5.0,8.2,2.3,5.2,-10.4,13.4,9.5
North West,E08000006,Salford,4.2,2.2,1.7,1.5,2.0,4.3,6.3,0.4,8.2,0.4,-5.5,3.5,-0.1,6.9,6.0,6.6,2.6,-3.1,3.0,7.4,4.2,-1.1,10.1,6.0
North West,E08000009,Trafford,4.1,3.2,4.1,3.3,2.1,1.7,0.8,3.9,0.6,-2.6,-4.0,1.3,-0.8,2.0,2.7,0.6,4.8,2.2,4.1,3.0,-0.2,-4.4,9.2,1.7
North West,E08000007,Stockport,5.1,3.7,3.2,2.4,2.6,1.7,1.6,2.9,2.4,-0.8,-2.3,1.9,-0.4,1.9,0.2,-0.9,-0.3,3.4,5.8,2.4,-1.0,-5.2,8.4,6.4
North West,E08000008,Tameside,5.3,2.9,1.9,2.0,1.7,1.8,3.2,2.0,1.1,-2.9,-3.3,2.0,0.9,1.7,2.0,1.6,0.1,-1.8,4.7,0.2,-1.3,-10.6,7.9,2.6
North West,E08000001,Bolton,4.3,-0.8,4.2,-0.6,1.3,2.4,1.9,1.3,1.6,-3.7,-2.8,3.2,0.3,2.8,3.2,0.7,3.2,2.6,2.5,3.1,-2.8,-5.7,6.6,2.5
North West,E08000010,Wigan,3.5,2.2,1.9,1.2,2.2,2.3,1.0,3.0,-0.2,-5.3,-4.0,1.6,1.2,1.9,4.2,1.7,3.6,1.7,1.7,-0.4,-2.1,-6.3,10.8,4.1
North West,E08000002,Bury,6.4,6.3,4.6,5.9,3.9,3.9,3.4,5.0,3.3,-1.8,-1.1,5.1,3.0,5.1,2.0,-0.3,6.1,0.8,0.6,0.5,3.6,-10.7,7.8,0.4
North West,E08000004,Oldham,4.0,2.7,1.7,1.9,0.0,3.9,2.8,3.1,0.8,-2.2,-5.0,2.4,1.6,0.2,2.4,3.4,2.7,0.5,5.6,-1.0,1.8,-14.2,8.3,5.3
North West,E08000005,Rochdale,5.8,1.8,2.3,0.9,1.4,3.7,1.1,1.5,1.6,-3.2,-3.2,2.8,0.2,5.1,1.2,0.6,2.0,-0.5,0.8,2.5,2.0,-8.9,8.7,4.7
North West,E06000008,Blackburn with Darwen,4.9,1.6,2.4,3.5,6.3,4.0,0.1,2.0,1.6,-0.7,-5.3,5.0,1.5,5.9,1.4,4.0,6.1,2.0,0.3,0.1,1.2,-12.0,17.4,7.0
North West,E06000009,Blackpool,0.6,-0.3,1.5,2.0,4.4,4.4,-0.2,0.0,-1.4,-3.6,-6.7,5.0,1.2,0.8,-0.1,1.6,1.9,3.6,4.0,1.4,4.2,-18.7,11.0,10.8
North West,E07000121,Lancaster,6.9,-4.8,3.9,2.7,8.9,2.0,0.2,0.6,-1.8,-6.4,-13.6,2.2,1.7,0.6,5.5,-1.8,7.1,0.2,-0.5,-1.2,2.9,-7.4,6.0,5.1
North West,E07000128,Wyre,2.8,1.2,0.4,3.1,6.6,2.8,-0.9,-0.6,-1.9,-0.8,-5.1,4.2,1.5,2.3,1.6,2.9,14.8,-0.7,-1.4,2.2,2.8,-15.5,11.1,5.7
North West,E07000119,Fylde,9.3,7.0,2.6,-1.6,7.3,6.2,4.1,-1.8,5.5,-1.9,-13.3,1.1,-2.3,-4.4,-1.9,-8.5,1.2,8.0,3.4,-8.6,2.1,-7.2,3.3,1.6
North West,E07000123,Preston,3.8,3.0,1.5,4.4,4.4,3.9,0.2,2.1,1.2,-4.3,-2.7,4.7,0.9,3.2,-2.7,3.7,3.6,5.1,-0.6,-0.7,0.7,-17.6,15.5,5.1
North West,E07000124,Ribble Valley,8.4,4.8,3.4,2.2,8.5,7.4,3.2,2.1,-0.2,-2.5,-12.3,0.8,5.2,1.0,5.9,5.3,-0.9,-4.2,1.9,-1.8,-6.2,6.8,14.4,-7.6
North West,E07000126,South Ribble,1.8,2.9,1.2,1.5,5.4,3.0,-1.8,-1.0,3.7,0.2,-6.7,2.1,3.0,1.0,3.1,7.2,3.9,3.3,1.0,-3.3,-0.1,0.4,12.0,5.7
North West,E07000117,Burnley,5.4,2.4,1.2,0.3,5.2,3.7,1.1,2.7,1.5,-1.9,-7.0,4.7,2.8,2.8,-1.7,5.0,-1.4,3.1,2.9,4.9,-3.7,-12.3,13.5,2.2
North West,E07000120,Hyndburn,5.4,-0.6,1.6,2.8,2.3,4.7,1.6,2.6,2.3,-0.3,-6.8,5.8,3.3,3.4,0.6,2.7,1.8,6.6,-1.0,-8.3,4.0,-11.9,15.2,1.1
North West,E07000122,Pendle,10.5,6.1,4.1,2.0,7.1,5.7,4.3,3.6,-0.3,-4.7,-11.7,3.0,5.4,-2.3,-2.3,3.8,0.9,6.4,3.8,6.5,1.5,-10.1,10.0,-3.9
North West,E07000125,Rossendale,3.9,2.5,1.5,3.8,5.9,3.7,-0.1,2.7,1.2,-2.3,-4.0,4.6,2.1,-1.2,1.7,5.2,4.7,-3.5,-0.9,-2.5,2.1,-12.9,14.9,3.3
North West,E07000118,Chorley,2.5,3.0,1.9,4.0,3.7,2.4,-1.4,0.3,0.7,-0.3,-3.7,6.5,0.7,0.3,-0.5,1.3,2.6,2.9,0.1,1.6,7.7,-14.0,17.8,3.0
North West,E07000127,West Lancashire,2.7,0.6,0.6,3.5,4.3,4.3,-1.0,0.9,1.3,-1.1,-2.3,3.6,1.7,-0.8,0.6,5.4,-0.7,7.7,3.4,0.6,2.9,-9.0,13.1,5.3
North West,E06000007,Warrington,3.5,5.7,9.9,2.7,2.8,2.1,3.2,4.0,2.1,-4.6,-5.5,5.8,3.3,2.4,4.1,5.3,5.9,4.2,6.4,-0.9,4.4,-5.4,7.1,1.2
North West,E06000049,Cheshire East,3.7,2.3,13.6,1.1,-4.9,9.8,4.5,5.0,0.3,-4.5,-8.0,4.6,4.1,4.4,1.1,5.0,3.4,1.5,-1.8,1.2,1.2,-6.4,0.7,4.5
North West,E06000050,Cheshire West and Chester,5.6,1.1,6.2,2.0,4.2,1.5,1.4,6.6,3.9,-1.6,-0.5,0.9,-2.2,2.7,-0.3,5.2,-3.5,3.8,4.4,1.1,1.2,-13.4,11.2,5.4
North West,E06000006,Halton,8.1,8.8,3.0,3.7,8.0,0.7,4.8,6.4,-1.8,4.6,-1.6,5.7,-0.7,-2.1,3.6,8.5,5.9,-1.7,3.8,5.8,3.2,-11.7,9.1,2.8
North West,E08000011,Knowsley,1.9,1.0,8.0,1.3,4.8,1.9,-2.3,4.9,1.8,2.5,-5.8,4.1,3.6,1.8,4.9,4.1,2.5,1.1,5.6,-3.5,1.2,-13.0,17.6,-3.2
North West,E08000013,St. Helens,6.9,3.3,1.9,2.1,1.5,2.2,-1.0,4.6,-1.3,-3.3,-3.8,5.3,-1.0,-4.5,1.2,2.0,-1.1,0.0,-0.5,-0.2,0.2,-12.3,13.7,-0.6
North West,E08000012,Liverpool,3.1,4.0,2.2,2.0,5.6,2.8,2.6,3.7,-0.9,1.4,-1.6,2.0,-0.5,-3.0,0.1,3.0,0.8,-0.7,3.2,0.4,5.6,-13.5,15.2,7.0
North West,E08000014,Sefton,4.3,1.0,3.1,3.4,2.5,2.2,-1.2,3.1,-2.0,-1.1,-2.0,3.3,-1.9,-2.0,0.9,1.5,0.7,2.3,2.7,0.1,-0.6,-10.5,13.7,2.8
North West,E08000015,Wirral,5.5,1.1,2.4,3.2,4.0,4.0,-2.2,3.6,-2.7,-1.8,-1.4,2.4,-0.3,-0.3,1.1,2.6,3.0,-2.0,2.9,0.1,2.5,-9.2,7.9,5.3
Yorkshire and The Humber,E06000010,"Kingston upon Hull, City of",3.1,4.2,4.2,3.2,4.8,1.7,1.0,6.9,1.0,4.5,-6.9,-3.4,-3.4,0.6,-0.2,-0.1,3.8,0.9,2.5,2.0,-0.6,-16.7,19.4,4.6
Yorkshire and The Humber,E06000011,East Riding of Yorkshire,1.7,3.7,4.6,5.4,4.1,4.6,1.0,2.8,-2.7,-3.2,-7.5,-1.6,0.4,0.8,1.7,4.1,3.1,0.3,2.8,3.7,2.6,-9.6,14.8,4.1
Yorkshire and The Humber,E06000012,North East Lincolnshire,3.2,2.8,2.0,0.9,2.9,2.2,0.3,3.1,2.3,-2.4,-3.9,-1.5,1.4,2.1,1.9,5.5,2.9,-1.1,0.8,-1.2,2.1,-6.2,17.1,1.8
Yorkshire and The Humber,E06000013,North Lincolnshire,-1.5,7.3,-0.4,4.0,4.6,3.8,0.2,3.0,0.8,-1.7,-4.7,0.0,-7.5,0.6,0.8,3.7,10.2,6.8,2.2,1.0,0.3,-15.3,30.0,0.1
Yorkshire and The Humber,E06000014,York,3.2,3.8,2.1,4.4,3.7,4.9,-0.5,-2.4,3.0,-3.2,-6.7,2.6,2.7,0.4,-1.0,1.6,-0.1,3.5,4.3,1.0,-1.7,-11.6,11.8,7.6
Yorkshire and The Humber,E06000065,North Yorkshire,3.4,2.7,4.6,5.3,3.0,1.7,0.3,1.7,1.0,-2.7,-5.8,0.8,4.4,0.4,2.5,1.0,0.2,3.3,4.3,-1.2,2.2,-9.4,12.6,2.5
Yorkshire and The Humber,E08000016,Barnsley,-0.2,2.5,2.6,1.2,3.5,5.0,-0.6,3.2,2.6,-5.7,-6.5,3.0,3.6,2.3,2.0,3.2,0.5,0.6,2.9,2.5,1.2,-8.7,10.7,2.9
Yorkshire and The Humber,E08000017,Doncaster,1.0,2.3,2.1,1.6,3.1,4.8,-0.8,4.1,2.3,-4.3,-7.5,4.1,1.5,1.5,1.6,4.8,5.2,0.8,17.1,-1.4,0.2,-10.3,8.4,5.5
Yorkshire and The Humber,E08000018,Rotherham,1.1,1.9,3.7,1.4,3.3,2.1,-0.4,1.7,2.3,-4.4,-7.3,4.2,3.5,4.8,-1.4,2.5,3.7,0.2,2.6,9.8,-0.5,-9.6,7.0,0.1
Yorkshire and The Humber,E08000019,Sheffield,0.9,4.5,5.8,3.4,3.9,3.1,0.8,2.0,4.0,-5.2,-4.2,1.6,3.1,1.6,0.6,1.6,2.3,0.3,0.4,-0.5,3.0,-8.0,11.1,5.2
Yorkshire and The Humber,E08000032,Bradford,4.8,1.3,3.1,1.4,3.2,4.0,1.7,2.5,1.6,-0.9,-4.4,0.0,3.3,0.8,0.3,-0.2,2.5,1.1,3.5,-0.5,-0.1,-9.7,10.3,4.8
Yorkshire and The Humber,E08000035,Leeds,6.4,3.8,2.8,2.4,5.9,4.3,4.3,1.6,6.9,-3.4,-5.8,2.8,2.3,1.9,0.9,1.3,2.9,0.7,1.9,4.4,1.3,-12.2,12.9,5.9
Yorkshire and The Humber,E08000033,Calderdale,4.1,1.1,2.1,0.0,4.1,3.5,6.1,0.3,7.6,-6.6,-6.7,2.5,2.4,2.1,1.4,11.5,7.5,-0.8,5.6,4.1,-2.1,-10.0,11.7,-6.5
Yorkshire and The Humber,E08000034,Kirklees,4.5,1.4,2.1,0.3,3.1,3.0,1.3,2.4,1.4,-2.7,-4.1,1.8,2.4,1.6,0.2,2.3,4.5,0.7,4.6,2.3,-0.8,-11.3,12.9,3.3
Yorkshire and The Humber,E08000036,Wakefield,5.4,1.8,3.6,0.4,2.8,1.6,-0.6,2.0,-1.7,-3.2,-5.3,0.3,2.4,0.7,2.1,-1.2,4.5,3.5,1.6,3.7,1.2,-10.7,10.7,4.8
East Midlands,E06000015,Derby,7.2,4.8,4.0,3.3,1.9,6.4,6.5,2.3,0.3,-2.0,-7.4,-0.2,4.8,-2.2,1.1,-3.0,-3.2,0.6,-0.6,4.1,2.4,-2.8,5.4,-1.5
East Midlands,E07000033,Bolsover,1.1,3.9,-0.1,-1.4,-0.8,2.5,4.5,2.8,-0.9,1.4,-4.9,4.7,2.4,3.6,-0.3,1.4,8.8,3.4,2.8,3.7,-0.7,-4.4,7.1,-0.2
East Midlands,E07000034,Chesterfield,2.3,2.8,3.5,1.7,0.2,4.2,4.1,1.8,0.5,-1.8,-6.1,5.6,0.7,5.5,0.7,2.0,5.2,-0.1,1.8,-0.5,-1.1,-5.4,13.0,1.1
East Midlands,E07000038,North East Derbyshire,6.5,1.1,1.1,0.8,2.7,2.1,3.2,1.3,-2.0,-1.7,-5.8,3.4,4.5,0.6,2.2,6.7,5.6,-1.1,-2.1,2.1,0.6,-2.9,8.9,-1.7
East Midlands,E07000032,Amber Valley,2.7,-1.7,1.9,1.8,1.2,4.0,3.0,2.3,-0.3,-1.0,-5.5,5.2,0.6,4.5,1.8,2.9,1.1,0.0,-0.4,1.2,4.0,-4.8,8.7,0.4
East Midlands,E07000035,Derbyshire Dales,4.3,-0.8,2.5,-0.1,0.9,3.3,2.5,0.6,-1.7,-2.1,-5.2,5.5,2.5,4.8,-0.3,-1.6,-2.3,4.1,-0.3,4.1,-2.3,-6.6,6.8,1.9
East Midlands,E07000036,Erewash,2.5,0.4,2.4,0.3,0.2,3.2,2.9,2.5,-1.4,-2.0,-5.9,5.8,4.3,2.0,3.6,-0.5,1.4,2.8,1.9,-0.2,4.4,-10.0,10.7,0.9
East Midlands,E07000037,High Peak,4.4,-0.2,2.8,1.2,2.6,2.9,2.0,0.8,-2.0,-2.3,-7.6,1.6,3.7,5.4,-2.0,3.2,2.2,1.2,1.8,0.6,-2.3,-6.7,6.0,3.0
East Midlands,E07000039,South Derbyshire,1.8,-1.0,1.1,0.9,5.2,5.1,6.9,-0.6,-1.5,5.6,-9.7,9.2,4.7,2.6,9.9,4.5,-4.4,2.4,0.1,3.0,8.7,-3.0,3.0,-16.8
East Midlands,E06000018,Nottingham,2.4,-0.2,4.0,1.3,2.7,4.4,1.4,0.9,0.6,-2.0,-5.9,6.1,3.9,-0.2,-0.5,3.9,1.8,2.6,3.0,0.3,-1.0,-12.4,8.4,4.0
East Midlands,E07000170,Ashfield,1.1,1.0,2.3,1.2,-0.9,3.7,1.9,3.0,-0.4,-2.1,-6.1,5.4,0.8,-0.2,2.5,1.0,1.0,-0.8,0.3,0.1,0.2,-12.4,10.1,-2.7
East Midlands,E07000171,Bassetlaw,6.0,0.6,1.6,1.2,2.8,3.3,-0.6,1.0,-2.0,-2.7,-5.6,3.4,3.4,2.0,0.8,0.4,1.0,3.4,-0.6,2.0,1.8,-5.2,6.3,1.4
East Midlands,E07000174,Mansfield,3.1,-0.7,1.2,0.4,1.9,4.5,1.8,2.4,-0.2,-2.5,-6.8,3.9,4.1,3.9,-1.1,3.1,2.1,0.9,1.3,2.4,2.3,-9.0,8.7,0.7
East Midlands,E07000175,Newark and Sherwood,10.1,7.1,4.0,2.6,6.7,3.2,2.5,3.2,-0.2,0.2,-2.2,4.8,9.2,1.0,3.3,2.3,6.1,4.3,3.3,2.2,3.3,-6.1,8.6,2.7
East Midlands,E07000172,Broxtowe,4.9,-2.5,1.1,2.4,2.4,2.5,3.8,2.1,-0.3,-4.0,-3.4,5.1,3.0,3.5,1.5,-2.3,4.0,2.9,0.1,0.0,-7.7,-4.7,12.1,4.4
East Midlands,E07000173,Gedling,2.1,-0.1,2.6,0.8,-0.3,1.7,1.4,2.3,-0.5,-1.5,-4.1,3.8,2.6,3.4,-1.4,0.1,3.5,1.8,0.3,-1.0,1.6,-8.5,13.5,-0.9
East Midlands,E07000176,Rushcliffe,5.2,2.1,2.9,-2.5,0.0,4.4,1.8,1.9,1.1,0.5,-5.3,4.4,0.4,1.7,3.8,1.2,0.3,-1.1,2.3,11.9,6.9,-9.1,3.0,8.4
East Midlands,E06000016,Leicester,3.0,5.5,2.0,0.8,4.7,5.4,1.2,5.4,2.3,0.4,-4.7,4.4,1.0,2.3,2.8,5.6,2.5,2.0,-0.4,2.3,1.7,-13.9,17.1,2.5
East Midlands,E06000017,Rutland,2.7,6.1,1.4,-0.3,2.0,1.8,0.7,3.3,-1.9,0.5,-6.4,5.7,-1.2,0.2,-0.2,1.7,2.3,3.2,-2.6,-0.5,-3.2,-8.4,13.9,5.2
East Midlands,E07000129,Blaby,1.4,5.2,2.9,0.2,5.1,6.1,-1.5,2.6,3.2,-2.1,-4.6,7.2,-3.2,2.3,8.5,0.2,5.6,-1.0,0.6,-0.5,-2.4,-15.8,9.3,6.5
East Midlands,E07000130,Charnwood,2.3,4.5,6.7,1.4,3.2,3.0,1.4,2.8,-2.6,0.2,-7.5,3.8,-0.4,0.1,-4.0,1.7,2.1,3.6,2.2,0.6,-2.7,-7.0,11.8,6.3
East Midlands,E07000131,Harborough,3.7,2.8,-2.4,0.5,5.0,0.7,3.1,6.4,1.5,-1.8,-7.2,7.2,0.7,-0.2,0.5,7.2,1.5,-0.9,3.4,-1.1,2.0,-8.6,8.5,0.3
East Midlands,E07000132,Hinckley and Bosworth,2.2,6.5,2.7,0.3,3.9,2.3,0.4,8.6,1.5,1.1,-9.9,7.4,2.1,-1.0,2.6,3.3,-2.0,-0.6,3.8,-0.7,0.1,-8.8,13.8,2.5
East Midlands,E07000133,Melton,2.0,1.8,-0.5,3.8,3.0,1.8,-3.8,8.2,0.5,-0.6,-0.1,0.5,-2.3,1.5,0.4,1.0,6.7,7.8,-2.8,7.1,2.0,-8.8,12.9,6.4
East Midlands,E07000134,North West Leicestershire,1.3,4.5,-1.0,1.7,6.8,1.9,1.7,7.1,2.3,-3.3,-7.5,7.9,-0.5,2.1,7.1,2.2,-3.2,4.4,0.6,6.7,0.1,-15.5,19.2,6.7
East Midlands,E07000135,Oadby and Wigston,2.3,2.3,0.6,-0.3,4.7,3.1,-1.5,4.7,-0.4,0.0,-5.4,3.4,-0.4,2.1,-0.1,-1.7,-1.8,3.0,-2.4,0.1,-0.2,-12.3,15.9,1.7
East Midlands,E06000062,West Northamptonshire,1.6,6.3,1.9,0.7,2.2,3.0,2.1,7.0,2.5,0.0,-7.3,4.1,1.6,-0.3,4.4,2.5,2.0,2.9,3.7,3.3,0.3,-11.2,12.8,2.8
East Midlands,E06000061,North Northamptonshire,2.9,4.1,-0.4,-1.3,4.3,2.8,0.7,4.5,1.3,-0.3,-6.3,4.9,-1.3,4.2,2.0,4.1,1.3,2.1,0.4,1.9,0.5,-10.3,11.7,4.2
East Midlands,E07000136,Boston,3.8,6.3,6.9,2.5,3.1,-2.9,5.9,2.3,0.4,1.5,-5.7,1.9,4.6,1.7,4.0,7.3,-0.6,2.1,4.1,2.3,0.2,-17.4,10.4,3.3
East Midlands,E07000137,East Lindsey,5.6,4.1,5.8,3.5,0.7,-2.2,4.3,3.3,-3.2,1.6,-6.0,3.7,4.5,-1.2,4.1,1.9,-0.1,-0.9,4.2,-0.9,5.5,-12.5,8.8,-1.1
East Midlands,E07000138,Lincoln,0.8,1.6,4.2,3.2,4.4,-1.6,0.8,6.1,2.2,2.8,-4.5,1.3,0.9,-0.6,3.4,1.6,4.5,-0.1,2.8,4.0,1.2,-13.3,9.5,1.8
East Midlands,E07000139,North Kesteven,4.5,2.8,4.8,3.1,1.2,-3.2,3.0,5.7,-0.9,0.1,-5.8,1.8,2.5,2.2,3.2,4.0,-2.2,-1.2,6.6,4.1,3.2,-8.3,11.3,4.0
East Midlands,E07000140,South Holland,4.7,5.6,4.8,0.3,2.5,-5.0,5.3,4.6,-0.3,-0.5,-5.2,1.6,4.1,2.2,4.7,4.7,-2.2,6.1,5.0,3.1,0.0,-6.0,11.2,-3.4
East Midlands,E07000141,South Kesteven,2.2,3.0,6.6,2.6,4.3,-1.8,2.1,4.1,1.9,1.4,-6.5,3.4,1.1,4.0,2.2,1.4,-2.6,-1.6,5.8,0.0,0.7,-12.5,9.8,4.0
East Midlands,E07000142,West Lindsey,2.9,7.0,2.2,2.8,1.9,-2.2,3.3,3.2,-1.8,2.0,-6.0,3.1,2.2,-0.3,5.3,5.8,0.7,-2.9,2.7,2.8,7.3,-7.9,12.4,1.0
West Midlands,E06000019,"Herefordshire, County of",6.3,4.7,-0.4,2.4,0.0,-2.6,2.0,1.8,-2.1,0.9,-5.3,1.2,5.5,0.9,2.8,5.4,0.7,0.1,3.2,2.3,2.0,-11.1,7.7,1.3
West Midlands,E07000234,Bromsgrove,2.6,6.0,-3.6,-3.9,2.5,0.3,4.5,-3.4,-5.8,6.4,-1.1,10.7,0.7,3.1,-1.7,0.6,-2.5,1.5,13.9,2.3,-2.6,-3.1,0.5,8.6
West Midlands,E07000235,Malvern Hills,5.8,3.6,2.5,5.8,0.2,2.0,-1.2,3.1,-1.3,-1.6,-3.8,6.6,4.4,-3.8,-1.8,3.3,-2.5,0.1,2.2,4.5,4.7,-11.8,5.5,2.9
West Midlands,E07000236,Redditch,4.0,6.4,0.7,0.1,3.4,4.9,0.8,7.4,-0.5,1.4,-4.8,4.7,7.3,4.3,7.1,11.9,5.5,2.0,7.0,-1.6,-3.0,-8.7,1.7,0.0
West Midlands,E07000237,Worcester,4.6,4.3,0.8,-0.9,4.9,2.6,-3.3,3.6,-1.7,-2.4,-5.3,3.7,4.3,4.8,4.4,0.1,4.3,-5.7,3.7,0.6,-0.9,-7.4,5.9,3.8
West Midlands,E07000238,Wychavon,5.2,4.3,0.2,-2.0,3.5,2.6,0.0,5.1,-1.5,0.2,-6.2,1.9,6.2,1.5,0.2,6.4,1.3,1.3,4.0,3.5,4.5,-3.4,4.1,-1.6
West Midlands,E07000239,Wyre Forest,3.5,2.8,-0.5,0.2,3.1,2.3,-0.2,4.0,-1.0,-1.3,-4.9,3.1,4.0,1.0,0.4,2.8,-1.3,1.9,2.4,0.5,2.0,-11.0,8.3,1.0
West Midlands,E07000218,North Warwickshire,7.5,3.8,-1.7,-1.3,3.0,2.3,2.0,5.5,-4.1,0.0,-7.7,4.1,5.2,5.8,3.9,3.4,2.6,-5.3,9.3,6.6,-3.8,-9.1,8.3,-0.8
West Midlands,E07000219,Nuneaton and Bedworth,3.7,2.7,-0.4,-1.5,1.4,2.7,0.4,3.8,-1.1,0.2,-7.2,3.2,5.8,6.6,7.1,6.0,-0.2,-2.9,7.2,2.1,1.0,-10.8,6.3,2.4
West Midlands,E07000220,Rugby,7.9,3.7,0.5,0.1,1.9,5.9,-0.5,4.5,-0.9,0.2,-6.2,6.5,6.2,4.6,-1.8,3.7,3.5,4.5,5.1,-2.4,-3.5,-5.2,9.0,5.0
West Midlands,E07000221,Stratford-on-Avon,7.8,5.9,0.8,-0.4,-0.8,0.5,9.6,5.8,-0.7,2.3,-8.3,5.2,6.6,3.0,6.8,4.1,2.3,-1.9,13.1,0.3,-4.2,-11.1,10.1,-5.4
West Midlands,E07000222,Warwick,4.8,3.0,-1.0,2.8,8.8,1.4,0.5,4.0,-2.1,-0.9,-4.4,4.1,5.1,2.3,8.9,6.5,9.8,3.3,7.5,-2.9,-0.9,-8.1,-0.6,4.0
West Midlands,E06000020,Telford and Wrekin,3.1,1.4,2.8,0.4,1.6,2.4,1.5,0.5,1.9,0.5,-7.3,2.2,3.5,1.2,1.6,1.5,-0.3,6.0,2.9,2.5,2.3,-3.2,15.9,5.8
West Midlands,E06000051,Shropshire,1.4,2.9,1.4,3.6,1.8,2.1,2.0,2.1,-1.8,1.4,-6.2,2.3,3.4,-0.5,2.6,3.2,-1.1,2.5,0.8,1.6,-1.7,-11.3,16.4,4.7
West Midlands,E06000021,Stoke-on-Trent,2.4,3.7,3.0,1.7,3.1,5.2,1.6,3.3,0.6,2.4,-4.4,4.7,5.2,1.7,3.0,1.3,2.0,-0.2,5.7,5.8,0.6,-8.8,17.1,1.3
West Midlands,E07000192,Cannock Chase,0.3,2.2,3.0,2.3,0.9,1.6,2.2,2.1,-1.6,-1.9,-10.1,4.5,4.1,1.3,1.9,2.6,2.5,0.0,8.0,1.9,-4.7,-11.4,12.3,1.6
West Midlands,E07000193,East Staffordshire,1.2,3.1,0.2,4.0,3.4,8.0,2.4,1.8,-2.4,1.3,-10.1,6.6,6.1,-0.8,0.7,-1.1,1.1,-1.7,-5.2,0.1,1.4,-14.6,21.2,4.5
West Midlands,E07000194,Lichfield,3.2,0.8,3.1,3.4,3.0,2.9,-0.6,2.1,-1.3,0.1,-7.8,4.6,1.7,3.0,2.4,3.9,7.0,2.3,2.1,-7.6,2.3,-8.7,16.9,3.6
West Midlands,E07000195,Newcastle-under-Lyme,1.8,2.0,1.7,2.0,1.9,4.1,2.2,1.3,-1.1,0.7,-6.7,4.6,4.0,-2.6,1.4,1.1,1.4,1.9,0.1,0.0,0.6,-14.2,19.1,2.9
West Midlands,E07000196,South Staffordshire,2.4,1.9,1.7,4.3,1.1,1.4,-0.5,3.1,-2.2,-1.3,-5.6,4.5,3.3,-3.5,1.7,1.1,1.4,1.6,5.7,0.4,4.3,-2.8,14.3,-3.1
West Midlands,E07000197,Stafford,-0.4,3.0,3.2,2.9,2.5,0.0,0.2,3.1,0.0,2.0,-3.9,2.7,2.0,0.2,2.2,2.3,-0.6,3.4,1.9,-1.3,0.1,-12.5,15.6,1.5
West Midlands,E07000198,Staffordshire Moorlands,2.7,-1.4,1.4,3.3,4.0,4.2,0.3,3.1,0.4,-0.1,-9.8,4.7,3.4,-0.2,7.0,1.6,-5.8,-3.5,5.0,2.9,-2.5,-11.5,17.3,4.7
West Midlands,E07000199,Tamworth,1.8,2.0,2.4,1.6,1.8,3.9,1.2,2.2,-1.4,-2.2,-9.0,5.2,3.4,-4.4,0.4,3.7,6.1,2.4,7.8,3.7,-1.8,-9.4,26.1,2.4
West Midlands,E08000025,Birmingham,2.8,2.8,3.4,0.8,2.9,3.5,1.9,-0.1,3.5,-1.6,-5.8,2.9,1.9,1.3,2.0,2.7,2.1,2.9,1.3,2.4,-0.2,-13.1,11.5,5.3
West Midlands,E08000029,Solihull,3.0,4.0,8.5,-2.6,2.6,1.3,1.3,1.1,1.8,-2.9,-9.0,6.4,4.8,0.7,0.6,4.3,7.9,7.2,7.6,0.8,-0.3,-14.7,4.6,2.5
West Midlands,E08000026,Coventry,2.9,3.5,3.6,-1.4,1.6,1.4,2.7,-2.2,4.6,0.5,-5.6,5.2,1.6,-0.2,-0.3,5.9,4.8,6.4,-3.4,-0.1,-0.6,-14.3,7.5,3.3
West Midlands,E08000027,Dudley,4.2,2.7,4.2,0.6,-0.3,1.9,-0.1,2.1,0.4,-3.9,-8.0,5.5,3.2,2.5,0.2,0.6,0.0,2.0,2.1,-1.0,-0.5,-13.3,12.6,3.7
West Midlands,E08000028,Sandwell,4.2,-0.3,4.0,-0.4,2.2,-0.8,-1.9,1.5,-3.4,-4.5,-7.0,4.2,0.0,1.3,1.2,6.3,4.5,3.9,2.4,1.7,-5.2,-7.9,4.6,0.9
West Midlands,E08000030,Walsall,2.2,1.8,0.0,0.1,1.2,2.1,0.8,0.9,-0.1,-3.1,-7.3,4.9,5.3,2.6,3.6,5.3,0.7,3.1,-0.2,-1.9,-3.3,-13.2,11.1,1.9
West Midlands,E08000031,Wolverhampton,3.6,2.9,2.4,0.4,0.4,2.2,1.0,1.6,-0.3,-2.5,-7.6,2.7,3.6,-1.9,-0.9,0.8,-4.3,5.2,4.9,2.8,0.2,-14.2,13.2,5.9
East,E06000031,Peterborough,4.7,2.7,1.2,0.1,0.7,1.1,10.8,-0.4,11.4,-1.4,-12.6,4.1,2.1,1.4,-2.6,6.1,-2.9,4.9,9.3,7.2,-6.3,-8.0,10.7,0.5
East,E07000008,Cambridge,5.5,6.0,5.7,0.5,3.3,3.0,4.6,6.1,1.6,-0.6,-1.3,1.6,2.8,3.4,3.8,0.6,4.0,2.1,5.3,-0.2,5.7,-8.7,11.0,8.1
East,E07000009,East Cambridgeshire,6.1,5.5,5.0,6.2,0.1,-3.4,9.2,2.3,-2.9,2.5,-3.3,0.7,4.3,-1.2,1.6,5.0,1.0,1.0,3.1,-1.3,7.1,-5.8,1.3,-3.1
East,E07000010,Fenland,3.4,5.8,2.4,3.7,2.2,0.7,3.1,3.5,-1.5,-0.3,-2.4,2.6,3.9,0.4,3.1,2.8,-3.2,1.7,1.6,-3.0,1.2,-8.6,10.7,2.4
East,E07000011,Huntingdonshire,5.5,5.3,3.7,1.8,2.2,1.4,2.5,6.0,0.0,-1.1,-3.7,4.4,1.9,-0.1,0.4,4.4,1.0,4.6,2.4,-0.6,5.7,-10.2,8.2,0.3
East,E07000012,South Cambridgeshire,4.7,5.0,2.9,3.4,2.3,3.9,2.9,6.0,1.2,-0.9,-4.5,5.3,1.4,7.5,-2.2,2.2,2.9,-0.1,4.6,0.2,2.3,-2.3,6.3,3.6
East,E07000200,Babergh,5.2,5.7,3.8,1.7,1.7,1.3,0.8,5.7,-0.9,-2.0,-4.2,5.5,1.8,1.0,0.8,3.7,-1.8,-0.5,1.6,-2.8,4.5,-6.7,7.7,0.5
East,E07000202,Ipswich,5.8,3.0,0.6,-1.6,1.9,1.1,8.2,-1.5,6.9,-2.2,-8.7,2.2,-0.3,2.1,3.4,4.1,4.8,4.9,0.4,0.1,0.4,-10.4,4.2,1.6
East,E07000203,Mid Suffolk,6.1,5.6,1.3,2.6,0.7,0.7,3.1,2.5,-1.5,0.5,-3.1,2.1,2.5,1.6,-0.3,3.8,0.6,1.1,4.2,2.4,3.3,-8.8,5.5,0.4
East,E07000244,East Suffolk,8.1,8.9,3.5,3.5,4.8,3.1,5.1,4.1,-0.4,-1.2,-4.0,4.9,4.6,2.8,3.0,2.8,-0.5,1.9,5.2,2.7,6.7,-8.9,9.3,2.5
East,E07000245,West Suffolk,4.9,5.6,3.2,1.5,1.0,1.6,2.0,5.4,-0.7,-0.1,-3.7,2.9,1.5,1.8,2.6,1.1,3.1,3.5,1.7,-0.4,2.4,-15.3,8.6,1.8
East,E07000144,Broadland,1.1,7.8,0.8,3.6,4.2,0.3,-0.3,6.5,0.7,7.5,7.0,-0.7,-3.2,1.9,4.2,-1.6,2.5,7.0,11.8,-5.9,18.1,-7.2,8.4,1.9
East,E07000145,Great Yarmouth,3.0,3.5,3.6,1.0,2.9,2.5,-0.4,5.5,-0.5,1.4,-3.8,2.5,2.6,7.9,-0.7,1.2,-1.2,-8.7,0.1,-4.5,4.3,-16.1,15.4,11.8
East,E07000148,Norwich,5.0,7.5,2.7,0.8,2.5,2.8,5.8,4.5,2.8,-2.2,-3.8,2.5,2.4,3.6,4.9,3.2,-0.1,0.7,4.7,-2.0,3.5,-15.6,7.4,4.8
East,E07000146,King's Lynn and West Norfolk,5.0,4.5,1.7,2.5,3.2,-0.6,4.0,2.0,-1.4,0.1,-1.7,0.7,2.2,3.0,1.7,2.0,-1.2,1.8,-0.2,-0.5,2.2,-11.9,7.4,3.6
East,E07000147,North Norfolk,3.5,4.2,2.3,2.4,1.2,-0.2,3.3,2.1,-1.9,0.3,-4.5,1.9,2.3,-0.3,-0.7,4.3,-1.3,0.9,1.7,-2.5,0.1,-10.1,10.8,0.5
East,E07000143,Breckland,5.0,5.5,3.7,1.9,0.8,0.7,3.7,5.8,-1.5,-0.2,-3.1,1.9,2.6,-0.3,1.7,4.3,1.1,1.8,1.2,-2.6,4.8,-6.7,8.0,-1.4
East,E07000149,South Norfolk,5.3,5.6,1.3,1.0,2.6,1.8,2.5,3.6,-2.1,-1.9,-3.8,4.1,3.5,3.5,1.3,2.0,-1.9,0.2,2.3,-2.4,3.6,-15.1,15.8,6.4
East,E06000032,Luton,3.2,10.4,1.2,-0.6,3.2,1.3,2.8,5.0,5.1,1.2,-8.3,1.5,1.2,1.5,8.7,9.2,1.0,1.1,4.7,0.6,1.4,-35.5,18.6,19.7
East,E07000095,Broxbourne,6.5,4.2,2.0,-0.5,3.9,0.1,5.8,4.2,3.3,5.3,-10.3,-1.4,-0.4,3.4,3.0,4.3,-2.9,-9.2,1.3,-2.1,-2.8,-11.5,9.2,1.2
East,E07000096,Dacorum,3.9,6.1,2.2,1.7,3.2,2.5,3.4,1.7,1.5,0.4,-7.4,2.0,3.8,-0.3,1.6,3.1,2.4,1.7,8.3,0.1,2.2,-4.9,11.5,5.8
East,E07000098,Hertsmere,4.3,4.1,0.6,-2.6,2.5,-0.1,7.1,-4.4,9.0,3.2,-5.2,3.8,-1.0,2.0,4.0,5.7,3.3,5.0,8.8,-0.6,-0.3,-6.4,16.8,0.9
East,E07000099,North Hertfordshire,6.1,8.3,1.9,0.8,4.7,0.4,5.4,0.0,2.3,0.7,-5.4,5.5,-1.6,3.2,3.2,7.2,1.4,-0.9,4.3,2.3,0.4,-1.4,8.9,-0.8
East,E07000102,Three Rivers,3.6,3.9,3.2,-0.2,4.5,2.1,-0.6,-2.0,1.3,-0.7,-5.9,4.2,4.3,-2.5,11.2,10.2,2.1,3.2,10.6,0.9,1.7,-13.1,4.6,0.6
East,E07000103,Watford,4.7,7.7,4.8,2.6,5.5,4.4,3.1,2.5,3.4,0.7,-6.5,0.5,2.7,4.8,7.5,6.6,10.3,6.2,8.8,-2.7,-4.4,-16.4,8.7,3.2
East,E07000240,St Albans,2.7,7.0,0.9,1.6,0.9,3.6,3.1,1.0,-0.1,-2.3,-6.4,3.8,1.3,-1.0,3.7,5.5,11.6,2.1,2.9,-0.1,1.5,-10.2,8.0,7.4
East,E07000241,Welwyn Hatfield,9.0,8.6,2.6,3.4,5.3,4.1,7.7,1.3,0.3,-0.4,-7.1,1.0,-2.2,0.5,8.0,9.7,3.8,2.3,9.9,8.7,18.3,-1.5,4.0,-0.5
East,E07000242,East Hertfordshire,9.1,3.9,2.6,0.0,3.2,1.0,7.9,6.2,4.1,7.7,-11.2,-4.9,-3.5,-7.1,0.7,5.1,1.0,7.1,-0.5,-0.8,4.0,-6.7,8.6,1.1
East,E07000243,Stevenage,8.6,8.5,1.9,2.0,6.9,6.8,8.5,2.4,0.4,-0.2,-8.2,1.4,-0.1,3.4,4.7,4.6,2.2,0.1,6.1,-3.9,-0.6,-16.2,9.6,7.1
East,E06000055,Bedford,5.8,3.6,4.4,0.3,2.2,0.4,3.6,0.9,-0.9,-0.5,-6.2,1.0,0.0,0.3,2.5,5.0,3.6,3.5,5.0,-0.5,3.6,-15.6,14.4,3.5
East,E06000056,Central Bedfordshire,3.5,4.3,1.2,1.0,1.5,0.3,2.0,0.2,-1.4,-0.7,-6.3,4.3,2.5,1.1,5.7,4.3,1.2,4.7,6.3,-1.1,-2.0,-13.3,9.3,1.7
East,E06000033,Southend-on-Sea,2.6,4.0,4.8,1.5,4.9,2.6,0.6,4.4,0.4,-0.4,-2.5,2.2,0.6,1.7,-0.3,1.6,-0.7,1.4,5.2,0.3,-4.2,-20.1,15.9,4.9
East,E06000034,Thurrock,-1.2,2.4,3.8,-0.6,9.9,1.5,1.6,3.1,-2.0,-4.1,-4.3,4.7,-4.0,1.8,-3.5,6.1,5.9,0.1,8.5,1.4,-0.3,-12.7,16.1,12.3
East,E07000067,Braintree,0.3,6.4,2.4,-1.7,6.1,-0.8,1.1,0.8,1.0,-1.9,-6.1,5.8,-0.7,0.1,1.5,9.2,6.8,11.7,11.8,-2.9,-8.2,-11.9,14.5,3.8
East,E07000071,Colchester,1.3,6.2,4.6,-0.4,4.9,-0.3,2.2,0.5,2.5,-1.0,-3.2,6.5,1.9,3.2,-0.5,2.9,5.4,1.8,4.7,2.0,2.4,-17.4,13.1,4.6
East,E07000076,Tendring,0.8,2.2,2.1,-0.6,4.8,2.1,0.3,1.1,-2.6,0.3,-6.5,4.8,0.1,-1.1,1.1,1.8,2.6,2.7,4.5,-1.1,1.2,-12.3,13.8,2.6
East,E07000072,Epping Forest,2.7,2.5,4.6,2.4,4.4,-0.2,-0.9,3.8,1.0,-4.2,-4.4,6.1,-0.6,-1.4,-1.3,3.2,7.6,6.6,6.1,-0.5,-1.9,-15.4,12.1,0.8
East,E07000073,Harlow,0.0,5.2,4.5,2.3,8.7,3.2,1.9,3.2,-0.1,-2.8,-11.5,5.9,-5.3,-3.7,2.7,-0.3,2.7,1.2,5.3,-0.3,-7.9,-17.4,16.2,5.5
East,E07000077,Uttlesford,4.6,5.9,0.3,0.6,6.2,0.7,2.0,2.4,1.5,-1.7,-3.0,6.7,1.8,2.4,6.2,0.6,-2.5,1.9,3.6,0.5,4.2,-22.8,13.0,10.7
East,E07000068,Brentwood,1.0,8.7,5.7,-0.1,4.8,-2.1,2.8,1.6,6.1,-1.2,-4.9,5.3,0.5,-6.2,1.8,19.9,12.9,-1.7,8.0,0.9,-0.4,-18.9,10.9,-0.6
East,E07000070,Chelmsford,0.4,6.1,4.3,-0.6,4.9,-1.3,0.5,-0.7,3.5,-2.6,-2.4,3.2,-0.3,4.6,-0.5,3.9,-1.4,0.3,3.8,1.6,2.8,-10.0,14.4,7.3
East,E07000074,Maldon,2.0,5.4,3.7,-0.4,5.2,-0.1,-0.4,3.0,-2.2,-0.1,-5.2,6.0,0.7,-0.4,2.9,1.5,-0.8,1.8,5.5,-3.1,1.8,-9.4,10.7,4.9
East,E07000066,Basildon,1.0,8.2,5.7,0.0,6.9,0.9,2.3,4.3,1.4,4.4,-9.4,3.5,1.6,1.5,2.8,2.9,-3.6,2.6,2.4,1.1,3.3,-9.1,11.7,7.4
East,E07000069,Castle Point,1.8,3.5,3.9,-0.4,5.3,-1.3,0.2,1.0,0.2,-2.0,-3.9,6.4,1.4,0.6,1.4,2.7,1.8,-1.5,3.1,-1.4,1.1,-11.0,11.7,5.4
East,E07000075,Rochford,4.9,3.4,3.6,-3.0,5.0,-1.4,0.6,1.3,-2.1,-1.8,-5.7,4.3,1.2,3.1,3.8,1.6,2.6,3.3,1.2,-1.2,3.4,-8.0,10.6,7.4
London,E09000001,City of London,0.5,14.0,-0.9,4.0,4.9,1.6,11.3,5.1,16.4,-1.0,-7.6,3.5,0.0,0.9,1.8,2.9,0.5,7.5,3.3,4.6,4.2,2.0,8.5,0.1
London,E09000007,Camden,6.5,7.1,3.2,-0.6,5.1,5.5,5.2,1.3,6.3,-0.7,-3.9,2.2,3.8,1.9,6.1,8.4,13.7,10.2,1.4,1.5,-1.8,-21.5,15.2,6.6
London,E09000033,Westminster,5.2,10.1,-0.2,0.3,2.8,2.9,7.0,2.8,6.4,1.7,-5.7,3.9,2.6,3.3,3.7,5.3,-2.1,7.4,3.1,2.8,2.5,-12.0,12.1,9.4
London,E09000013,Hammersmith and Fulham,7.4,5.8,2.8,0.6,4.5,4.8,4.3,0.1,5.7,2.5,-3.9,3.1,4.8,6.3,6.8,6.9,4.6,0.3,4.1,4.4,5.6,-11.1,6.8,-2.3
London,E09000020,Kensington and Chelsea,4.7,5.2,1.8,0.4,2.0,5.2,3.3,2.7,7.2,1.8,-6.2,4.0,5.0,11.3,9.2,3.6,-1.1,-2.5,-1.8,5.7,-6.3,-20.7,11.4,10.9
London,E09000032,Wandsworth,5.9,3.6,2.8,1.4,2.0,1.8,3.3,2.3,4.6,-2.1,-4.5,3.7,4.0,5.8,4.1,4.6,4.0,-0.5,-2.2,-0.4,-1.2,-20.1,11.8,7.4
London,E09000012,Hackney,6.4,7.3,3.4,1.4,5.0,3.2,4.9,2.9,4.5,0.1,-2.8,5.9,6.8,1.1,3.2,8.0,2.7,3.7,6.5,9.5,13.9,-4.3,12.2,6.3
London,E09000025,Newham,1.8,4.8,0.9,0.4,2.0,0.8,1.4,0.7,2.3,0.1,-5.2,6.7,5.4,3.8,1.0,2.5,2.8,2.1,4.1,0.5,3.2,-13.8,14.6,1.6
London,E09000030,Tower Hamlets,2.0,12.9,3.3,4.9,4.2,3.7,9.1,6.6,12.4,3.4,-7.2,-1.5,7.7,-0.7,1.8,2.1,-1.3,5.3,5.3,-4.6,-3.2,-10.5,1.7,-1.5
London,E09000014,Haringey,5.1,3.4,3.3,1.1,2.6,3.3,2.8,0.5,4.2,-3.0,-4.5,8.3,4.2,2.7,-0.2,5.6,1.7,-3.1,2.6,0.5,-0.5,-17.4,13.6,10.2
London,E09000019,Islington,7.8,15.7,4.1,3.4,6.5,5.4,5.7,4.6,9.2,3.4,-2.5,5.1,6.8,3.3,7.6,6.8,4.8,1.7,0.4,5.0,1.5,-11.6,9.6,18.4
London,E09000023,Lewisham,2.8,3.6,4.4,0.5,4.0,1.5,2.9,1.9,3.6,-1.4,-7.7,5.3,5.9,4.7,-1.5,3.2,0.5,-2.1,-0.3,-1.4,0.3,-16.3,9.6,4.8
London,E09000028,Southwark,5.7,9.4,2.0,0.0,3.2,3.4,5.0,1.9,7.3,1.6,-2.6,5.8,9.1,3.2,2.2,-3.6,5.6,3.9,1.2,6.6,4.3,-13.6,5.5,2.6
London,E09000022,Lambeth,5.2,7.8,2.6,-1.8,3.4,4.1,7.4,0.9,6.8,2.5,-5.1,9.1,7.2,0.5,-5.5,11.7,1.7,2.2,-0.2,-0.7,-3.5,-22.3,17.2,17.1
London,E09000004,Bexley,4.7,3.0,2.3,0.8,3.6,0.3,1.2,2.3,1.3,-3.0,-7.2,5.2,0.1,4.2,8.6,-0.8,2.1,4.4,-4.5,-1.2,2.0,-12.5,3.2,1.4
London,E09000011,Greenwich,5.2,4.1,1.7,2.5,3.7,3.4,2.4,4.8,-0.1,-2.1,-7.7,7.8,3.7,0.0,1.8,2.7,0.9,1.9,4.6,1.0,4.2,-21.1,10.7,8.5
London,E09000002,Barking and Dagenham,-1.4,-2.1,0.5,-3.7,1.7,3.5,-1.4,9.0,2.7,0.6,-10.7,7.8,5.5,1.8,4.0,1.8,-3.0,-7.8,-1.9,0.1,-0.3,-19.3,15.9,4.7
London,E09000016,Havering,4.0,3.0,0.5,0.3,3.1,0.2,2.4,1.4,3.5,-5.2,-9.9,6.8,-0.2,5.2,1.6,3.9,0.4,1.6,0.5,1.0,1.1,-14.4,13.3,9.4
London,E09000026,Redbridge,4.5,3.4,0.8,2.2,4.4,3.4,1.7,4.1,0.8,-3.9,-8.4,5.4,2.9,5.5,1.1,1.1,3.4,0.6,1.0,0.2,-1.6,-17.6,13.4,6.6
London,E09000031,Waltham Forest,3.7,3.1,1.7,2.6,4.4,2.8,2.5,4.4,1.5,-5.0,-9.0,6.1,3.5,5.6,2.0,3.9,3.0,0.5,0.1,0.3,2.7,-19.4,12.8,9.0
London,E09000010,Enfield,4.1,3.0,1.3,1.3,4.5,2.5,0.8,4.4,1.5,-4.8,-9.5,7.8,1.2,1.8,2.0,2.7,3.0,0.4,-1.8,4.3,1.8,-14.5,8.1,1.3
London,E09000006,Bromley,4.2,0.0,1.2,2.1,4.2,2.0,0.7,4.4,0.9,-5.0,-8.8,3.9,0.9,1.9,1.2,-1.4,-0.8,2.7,2.1,-0.5,-3.0,-15.5,3.3,3.6
London,E09000008,Croydon,4.3,6.4,-0.4,0.2,3.4,0.0,3.3,-1.5,9.0,-2.7,-8.0,2.7,-0.8,-0.3,0.0,7.3,-0.8,0.6,2.0,5.9,4.3,-11.1,6.2,4.3
London,E09000021,Kingston upon Thames,5.1,5.6,0.8,1.2,4.4,3.9,2.1,3.8,3.0,-2.6,-6.7,2.6,2.5,0.0,-1.3,5.4,-0.9,9.2,-0.6,0.9,-0.2,-20.4,1.0,11.0
London,E09000024,Merton,5.7,2.8,0.7,-1.3,2.6,1.8,1.8,2.7,1.8,-3.8,-8.4,4.9,1.5,2.6,5.2,4.9,0.0,0.4,-2.6,-0.8,1.9,-14.1,8.4,-0.6
London,E09000029,Sutton,4.4,4.2,0.7,0.2,3.4,1.5,2.0,2.8,2.3,-3.7,-8.7,4.7,1.3,1.1,0.5,2.5,-2.2,2.5,1.4,-3.2,1.5,-15.8,10.0,2.4
London,E09000003,Barnet,4.9,2.2,0.8,1.5,3.6,2.0,1.0,4.8,0.6,-6.0,-6.3,5.7,1.9,5.4,0.8,3.2,0.7,2.1,0.1,1.2,1.2,-11.3,9.4,5.7
London,E09000005,Brent,5.9,4.4,-0.1,1.0,1.7,0.9,2.9,5.5,0.5,-4.2,-7.4,4.9,2.3,5.5,3.5,6.7,2.3,2.4,-0.1,-2.2,3.9,-14.6,6.2,3.8
London,E09000009,Ealing,5.1,3.8,0.7,0.7,3.4,1.6,1.0,4.9,1.1,-4.1,-8.5,3.8,2.7,5.1,3.9,5.5,1.6,2.7,-3.7,-0.6,-1.0,-9.0,3.4,-1.6
London,E09000015,Harrow,4.6,1.9,1.4,2.7,5.7,2.7,0.8,3.7,2.1,-5.1,-9.0,6.6,2.1,0.6,0.8,6.0,2.3,1.5,0.7,-0.8,0.1,-15.7,11.4,-1.2
London,E09000017,Hillingdon,2.4,7.7,-8.2,-0.9,5.1,5.5,4.6,6.5,7.1,-6.8,-9.4,6.5,5.8,1.6,4.4,7.3,-5.7,-3.2,3.7,1.5,-0.7,-32.5,4.8,8.3
London,E09000018,Hounslow,7.0,10.9,0.8,1.1,2.1,1.4,4.6,12.5,5.0,3.6,-5.6,2.7,2.7,2.2,9.4,7.0,1.6,5.8,1.1,0.0,2.9,-31.6,2.4,13.0
London,E09000027,Richmond upon Thames,4.5,5.4,0.3,0.3,3.6,2.8,2.8,3.9,2.8,-4.6,-4.9,1.8,1.5,5.1,1.7,0.4,3.5,3.7,3.3,6.3,-2.7,-17.1,3.4,1.7
South East,E06000036,Bracknell Forest,5.4,8.7,1.3,4.6,5.1,-1.0,3.8,4.0,2.6,1.7,-3.0,6.7,5.7,3.9,0.7,2.3,5.7,-4.8,3.6,-0.5,-0.4,-11.5,4.4,1.7
South East,E06000037,West Berkshire,12.1,13.3,2.2,3.2,4.7,4.5,6.1,6.6,1.9,0.3,-0.5,6.0,7.5,8.2,2.5,2.1,10.9,1.9,0.9,8.2,14.1,12.0,1.9,-0.8
South East,E06000038,Reading,13.8,18.3,2.1,2.0,7.7,6.1,7.0,3.1,5.6,4.0,2.1,5.3,6.5,6.8,2.2,10.7,3.7,5.3,0.4,13.4,-1.9,-5.7,15.8,12.0
South East,E06000039,Slough,13.8,19.3,4.0,6.2,7.6,4.2,5.2,6.2,3.3,3.2,1.4,5.6,8.2,3.1,3.1,6.9,-0.5,1.2,-1.5,5.1,5.3,4.7,9.4,8.7
South East,E06000040,Windsor and Maidenhead,5.3,4.7,1.2,0.9,5.7,-0.7,3.4,1.3,1.6,-0.1,-2.5,4.3,4.6,2.7,4.9,-0.6,5.1,4.7,7.1,-0.3,-3.4,-7.3,8.6,0.4
South East,E06000041,Wokingham,5.5,4.0,3.1,3.8,8.7,1.0,3.9,4.2,4.5,-2.6,-5.2,1.6,4.2,2.5,-6.9,10.5,1.8,3.7,4.3,10.1,12.6,0.8,6.5,4.4
South East,E06000042,Milton Keynes,2.5,8.1,2.6,5.1,4.1,-2.0,2.3,4.3,2.0,-0.2,-7.6,5.2,3.4,3.6,4.6,9.1,8.4,-2.2,4.9,0.9,-1.1,-10.3,6.9,0.1
South East,E06000060,Buckinghamshire,3.9,5.0,0.5,0.2,1.4,-1.2,3.6,0.7,4.0,1.3,-5.3,3.5,2.9,0.9,1.1,2.0,-0.6,-0.3,-0.2,1.1,4.8,-8.0,7.4,2.8
South East,E07000177,Cherwell,3.9,4.5,1.6,2.5,1.7,-0.2,0.7,1.9,1.1,1.1,-5.0,2.8,2.2,2.3,2.9,4.6,-0.4,0.8,-0.1,2.6,4.2,-4.0,3.2,3.6
South East,E07000178,Oxford,3.6,4.2,3.5,3.3,3.9,1.0,-0.4,1.3,0.1,3.9,-4.2,2.4,3.9,1.6,2.4,6.8,0.7,-1.8,-0.6,2.2,6.3,-10.6,11.2,9.7
South East,E07000179,South Oxfordshire,3.7,1.6,-2.3,3.4,2.7,-1.3,3.3,0.6,1.0,-1.3,-4.5,4.5,2.0,1.4,2.7,3.7,5.7,-10.4,1.9,0.2,7.5,-0.4,6.4,-0.9
South East,E07000180,Vale of White Horse,5.2,3.4,4.4,2.4,3.9,-1.2,2.5,1.7,0.8,-1.2,-3.5,5.3,2.9,3.7,2.9,-2.9,0.6,-4.0,1.9,1.9,-1.4,2.1,6.5,7.8
South East,E07000181,West Oxfordshire,2.7,4.5,3.6,4.2,0.3,-1.6,3.3,3.4,1.7,2.7,-5.0,2.0,4.1,1.9,1.6,4.2,-0.9,0.2,1.0,3.0,4.4,-5.4,0.1,3.6
South East,E06000043,Brighton and Hove,5.3,3.7,3.6,-0.6,-0.1,-1.7,3.9,-0.4,6.4,1.9,-4.6,5.1,0.9,4.6,3.1,2.6,4.7,3.9,4.4,4.0,2.1,-7.4,9.0,11.1
South East,E07000061,Eastbourne,4.1,3.3,2.0,1.4,2.0,0.5,2.8,2.2,0.4,1.5,-4.3,2.7,1.8,-1.9,0.9,0.7,-2.5,7.8,3.0,-2.3,2.5,-10.9,10.9,2.9
South East,E07000062,Hastings,4.6,4.2,5.0,4.5,1.3,2.5,0.9,4.1,-0.8,3.2,-2.6,2.5,3.9,-2.2,1.0,3.9,2.0,5.3,0.8,-1.0,1.4,-11.7,11.0,0.1
South East,E07000063,Lewes,3.6,2.9,4.2,-0.4,1.1,-1.0,1.4,1.3,-1.1,0.8,-3.6,2.3,-0.4,-0.9,2.9,1.5,3.9,0.9,3.4,2.2,2.1,-6.5,3.1,5.0
South East,E07000064,Rother,3.6,1.3,2.1,0.2,0.9,-0.4,2.0,1.5,0.0,0.3,-3.6,2.5,-0.4,-2.8,3.7,2.5,3.8,1.6,-2.5,-2.6,3.1,-7.7,13.6,-0.5
South East,E07000065,Wealden,4.5,1.9,1.1,0.6,-0.2,-1.2,1.2,2.2,-1.7,0.9,-5.1,5.5,0.4,-1.6,1.7,3.8,2.7,0.8,1.9,-0.8,0.5,-9.7,11.6,2.3
South East,E07000207,Elmbridge,5.7,6.0,0.7,-2.1,0.6,1.0,0.6,5.6,-0.9,-1.5,-4.7,5.1,2.6,1.5,3.8,18.7,9.3,2.5,2.6,1.7,4.7,-7.2,5.0,-7.2
South East,E07000209,Guildford,4.3,4.9,-1.3,-0.7,-0.3,0.2,1.0,3.7,-0.2,1.1,-3.2,4.6,-0.7,0.6,2.2,-1.4,4.6,-1.7,-1.5,2.1,5.0,-9.1,11.2,0.9
South East,E07000212,Runnymede,10.4,7.6,5.6,2.7,4.2,-0.1,0.0,6.2,2.3,3.0,-0.9,5.8,1.7,7.4,3.9,6.4,0.6,5.2,5.7,-1.3,2.9,1.1,-3.2,5.7
South East,E07000213,Spelthorne,7.5,6.0,-0.3,-2.2,0.9,0.9,5.4,2.8,-2.6,0.6,-5.1,3.8,1.6,0.6,2.0,1.3,1.3,-1.1,0.4,2.1,4.3,-2.4,4.9,7.9
South East,E07000214,Surrey Heath,3.7,4.0,1.7,-0.1,2.4,1.6,0.9,6.1,2.0,-1.9,-4.2,7.0,-0.5,3.7,2.1,-7.8,5.9,-4.6,-1.0,7.4,8.0,-6.8,-1.8,-1.3
South East,E07000216,Waverley,3.4,4.0,0.9,-0.9,0.6,-0.6,0.9,3.8,-1.9,-0.4,-4.0,4.3,1.0,-4.5,2.5,1.4,3.5,-4.1,-0.3,-3.5,1.5,-5.8,8.9,0.6
South East,E07000217,Woking,6.0,6.3,0.7,0.0,1.3,0.1,3.1,6.7,-1.4,0.2,-5.2,2.9,2.0,-2.7,4.3,7.4,-8.2,-2.4,-0.8,-0.3,-5.1,-9.4,6.5,-2.1
South East,E07000208,Epsom and Ewell,3.3,3.3,0.9,1.6,-0.4,0.1,-0.4,4.6,-0.3,0.8,-5.1,3.8,-0.2,3.1,-3.4,1.4,2.1,0.3,-1.6,-4.1,1.8,-10.4,6.4,5.0
South East,E07000210,Mole Valley,4.9,5.2,-0.8,-0.7,-1.4,0.9,4.8,1.4,7.8,0.0,-6.1,6.6,-1.2,14.5,6.5,0.1,-10.0,-1.2,0.1,1.4,0.2,-8.7,-0.2,13.9
South East,E07000211,Reigate and Banstead,3.2,6.2,-4.0,-0.8,-2.8,-0.2,7.0,0.9,15.2,1.1,-4.7,9.1,-5.3,1.1,-2.6,-1.6,0.3,-7.9,3.7,-13.4,-1.8,-14.5,10.5,8.5
South East,E07000215,Tandridge,4.6,0.7,-1.2,-0.2,-0.7,-1.1,-0.4,3.1,-0.7,-1.3,-5.0,7.1,0.7,-6.8,4.2,7.8,2.8,-1.3,-4.4,-1.9,1.8,-10.9,10.6,5.0
South East,E07000223,Adur,3.9,3.4,2.0,-0.7,-0.3,-0.6,2.5,3.4,1.2,-1.6,-4.6,5.1,-0.6,2.9,-4.8,3.2,5.7,0.6,3.1,0.9,0.6,-6.2,5.3,5.9
South East,E07000224,Arun,4.4,1.4,4.2,1.3,1.9,-0.5,0.7,1.6,-0.7,0.8,-4.5,5.6,1.3,1.3,5.0,1.5,-1.2,2.7,1.9,2.0,-0.5,-10.7,11.4,5.5
South East,E07000225,Chichester,2.7,3.6,0.5,-0.2,1.6,0.1,1.6,2.8,-2.4,3.5,-2.2,1.2,2.5,1.3,2.9,0.8,3.5,-0.1,3.9,-0.2,2.2,-12.4,8.6,5.0
South East,E07000229,Worthing,18.2,1.0,0.8,10.4,4.1,-2.5,-3.4,2.2,5.6,1.2,-12.4,5.9,0.3,4.6,1.8,-4.1,4.3,3.2,11.2,4.3,3.8,-2.6,5.9,7.4
South East,E07000226,Crawley,3.9,5.0,-3.6,2.5,2.0,-0.4,0.3,10.7,7.7,1.9,-5.0,5.7,2.8,5.1,3.9,1.8,2.7,5.5,6.0,2.6,0.1,-30.3,5.3,12.1
South East,E07000227,Horsham,7.5,2.6,0.6,2.6,0.9,-0.7,1.8,1.9,1.1,1.7,-5.3,5.6,0.8,-0.1,-6.5,2.7,0.3,3.6,0.5,7.9,-0.5,-6.2,5.9,0.7
South East,E07000228,Mid Sussex,3.2,3.3,0.6,-0.7,1.1,0.3,1.1,3.3,0.8,0.6,-3.5,3.8,1.1,0.4,0.4,0.8,3.3,0.0,1.4,-0.1,3.6,-10.1,8.4,4.3
South East,E06000044,Portsmouth,1.8,3.0,3.2,2.3,1.5,4.4,2.9,1.6,3.7,1.8,-3.5,3.5,2.8,2.9,1.6,1.8,-0.9,-0.6,5.4,0.2,5.8,-8.9,7.1,6.4
South East,E06000045,Southampton,0.5,1.9,0.9,3.7,1.8,6.1,4.5,-4.8,8.3,4.1,-4.4,7.1,3.7,0.0,1.7,0.3,4.0,-2.8,7.7,5.2,-1.9,-13.0,10.0,8.2
South East,E06000046,Isle of Wight,2.3,2.6,1.2,3.3,1.4,3.6,0.6,3.1,-1.7,0.5,-4.5,4.5,3.2,1.1,5.1,2.1,-0.5,-2.3,3.5,-1.0,3.7,-10.5,8.1,8.0
South East,E07000086,Eastleigh,0.3,6.7,5.7,1.4,1.9,1.7,2.0,4.0,0.0,-1.5,-5.7,5.7,3.1,0.3,0.2,5.8,1.4,2.9,4.8,-4.8,3.9,-9.5,8.6,0.3
South East,E07000087,Fareham,-0.2,3.7,1.3,-1.4,-0.5,2.4,3.2,1.5,1.6,1.4,-6.4,6.0,4.1,3.4,1.4,5.1,-2.0,3.0,3.4,-3.0,2.5,-8.5,7.8,5.4
South East,E07000088,Gosport,0.4,2.0,1.4,0.3,2.8,3.0,0.4,1.8,0.4,0.5,-2.0,3.6,1.7,-0.4,3.6,3.2,-0.5,1.3,4.0,-0.6,0.8,-10.6,8.5,3.9
South East,E07000090,Havant,3.3,7.5,6.5,6.6,-2.3,4.1,4.0,6.0,4.3,1.6,-2.7,9.9,4.0,4.2,3.8,-0.8,-0.1,-1.5,-4.0,-6.5,-0.9,-6.4,0.2,0.8
South East,E07000085,East Hampshire,4.4,2.5,1.4,0.7,0.0,0.0,3.4,0.9,1.0,0.2,-3.3,5.7,0.9,2.4,-2.6,40.4,3.4,-3.2,2.6,1.1,5.6,-9.2,5.0,3.6
South East,E07000091,New Forest,-1.6,5.2,2.1,0.6,0.6,2.0,-1.7,4.4,-4.0,-3.8,-0.3,5.7,0.6,-3.0,3.5,0.3,3.8,2.5,0.6,2.3,2.9,-10.6,8.3,7.6
South East,E07000093,Test Valley,0.1,5.4,1.6,-0.4,0.4,1.6,3.0,2.9,0.4,0.0,-5.4,5.7,3.2,1.5,0.3,4.3,3.0,2.6,-0.5,0.7,3.6,-8.1,7.9,4.5
South East,E07000094,Winchester,3.0,6.4,1.0,0.4,0.2,3.9,5.2,1.0,7.7,1.5,-3.2,7.1,2.3,4.2,2.0,16.4,7.6,2.2,7.3,-0.5,2.5,-13.3,12.0,2.5
South East,E07000084,Basingstoke and Deane,2.7,7.3,2.2,3.5,0.7,2.9,4.3,-0.3,5.5,1.1,-1.7,6.3,1.6,1.8,3.0,-2.1,-2.4,-1.4,-0.7,58.4,4.6,-8.8,5.6,8.5
South East,E07000089,Hart,4.2,13.4,7.1,6.0,0.1,3.3,2.9,3.5,5.4,0.0,-3.3,8.5,4.6,0.5,8.0,5.8,7.9,3.7,-17.7,-0.2,6.6,-11.9,4.6,3.0
South East,E07000092,Rushmoor,0.3,6.6,6.5,2.8,2.1,4.9,3.2,2.1,6.7,1.6,-3.3,7.3,2.4,0.8,-0.3,1.1,3.5,8.1,29.3,10.4,12.1,-1.4,0.1,-1.7
South East,E06000035,Medway,3.4,1.2,4.8,2.1,3.0,2.2,2.9,2.7,0.6,1.0,-5.3,5.7,2.5,2.0,2.3,0.0,1.9,3.3,3.4,0.6,3.9,-5.8,1.5,6.4
South East,E07000107,Dartford,4.3,1.3,2.4,3.7,3.4,1.4,2.3,0.4,0.1,1.1,-8.7,4.6,2.7,2.7,2.8,7.3,7.3,7.2,-5.5,-0.9,-0.8,-12.3,8.9,-0.3
South East,E07000109,Gravesham,2.6,-1.5,3.4,3.1,0.6,1.7,0.6,1.1,0.5,1.7,-5.3,5.8,0.7,5.1,2.7,0.3,2.2,3.6,1.1,1.9,4.3,-5.4,7.3,6.1
South East,E07000113,Swale,2.3,-1.4,4.3,2.6,3.1,1.2,-2.3,-1.3,0.8,0.6,-12.7,7.2,2.9,-1.7,2.3,2.9,1.5,2.8,-0.8,3.9,8.6,-3.7,10.3,-9.0
South East,E07000106,Canterbury,1.7,2.3,2.1,1.0,2.2,2.2,3.9,-1.1,1.9,2.1,-5.6,7.1,1.6,-0.2,1.9,4.0,-1.2,-2.1,5.2,3.1,-0.8,-11.7,11.4,6.9
South East,E07000108,Dover,8.0,5.9,-1.9,-7.4,1.4,11.9,-0.4,-8.2,-6.0,8.7,-11.6,7.0,6.0,-1.6,-0.9,0.7,1.1,-4.7,0.4,2.1,-1.4,-10.9,9.4,8.2
South East,E07000112,Folkestone and Hythe,3.7,0.2,-0.1,-0.8,3.2,1.2,4.4,2.1,-0.1,0.2,-5.5,3.8,3.0,0.1,1.1,-1.8,5.6,6.5,2.8,-3.7,0.8,-8.3,-2.6,7.6
South East,E07000114,Thanet,4.3,0.8,3.1,2.4,3.8,1.6,3.9,0.7,-0.2,2.5,-7.7,4.3,1.7,-0.5,2.2,0.9,1.9,2.9,3.8,1.3,1.5,-11.6,6.1,6.7
South East,E07000105,Ashford,4.7,2.0,1.7,1.2,1.1,3.5,4.5,4.0,1.0,0.9,-7.2,4.6,1.1,5.5,-1.0,6.2,2.6,0.0,0.3,1.1,4.8,-11.8,5.5,5.6
South East,E07000110,Maidstone,0.9,1.3,2.4,0.4,2.6,2.5,1.0,1.3,1.6,1.4,-6.4,4.9,2.7,-2.0,2.9,2.5,2.6,2.0,1.9,2.8,4.7,-7.6,7.6,4.2
South East,E07000111,Sevenoaks,2.2,1.6,2.7,0.5,2.2,3.0,3.7,1.1,-0.1,-2.7,-6.9,8.5,4.3,4.6,5.5,2.0,6.5,5.2,2.7,6.8,-1.8,-5.3,5.9,2.2
South East,E07000115,Tonbridge and Malling,5.9,4.0,-1.2,0.4,0.6,1.5,2.4,1.9,1.5,0.7,-5.2,5.4,-0.5,0.1,2.5,-1.3,-0.8,2.7,3.9,4.3,8.0,-4.4,4.8,-0.2
South East,E07000116,Tunbridge Wells,1.6,0.3,-0.8,-1.1,0.2,1.7,8.1,-3.0,2.4,3.7,-4.4,8.1,2.6,-1.9,-2.1,1.1,11.4,5.0,2.7,-3.2,-1.2,-9.6,5.2,7.3
South West,E06000023,"Bristol, City of",2.3,4.0,5.1,0.7,1.2,3.0,-0.2,1.3,5.2,1.1,-3.3,4.2,-0.3,3.0,-0.3,2.3,2.3,4.5,4.9,-2.9,2.5,-11.8,16.6,6.0
South West,E06000022,Bath and North East Somerset,2.1,4.0,2.7,1.8,1.0,0.8,-1.2,1.0,-0.2,-1.2,-5.1,4.7,0.6,0.4,-2.2,1.9,-0.5,0.9,1.2,0.8,4.5,-14.2,12.3,4.7
South West,E06000024,North Somerset,2.6,2.7,1.9,1.0,1.7,3.4,0.0,2.3,0.9,-1.7,-5.5,4.0,1.8,2.0,3.1,3.7,-1.0,4.2,0.0,2.3,1.7,-9.5,9.4,4.0
South West,E06000025,South Gloucestershire,7.1,8.8,6.8,4.0,4.6,2.9,3.5,1.6,7.0,2.4,-5.2,7.0,3.1,4.0,-0.1,8.6,-0.6,2.5,2.2,3.1,2.7,-3.6,6.5,7.2
South West,E07000078,Cheltenham,2.2,4.5,4.6,-0.1,0.5,2.6,-0.6,0.3,1.4,1.0,-4.4,7.0,-0.6,-3.6,-0.1,5.7,-0.6,1.5,2.5,1.0,2.0,-10.0,9.6,2.3
South West,E07000079,Cotswold,5.4,4.2,-2.2,-2.4,-0.7,-1.8,12.1,-11.7,18.4,0.5,-4.8,13.7,-9.0,-3.2,2.8,2.5,-4.6,7.2,9.1,10.7,0.5,-7.8,1.1,1.8
South West,E07000080,Forest of Dean,-1.0,3.6,0.9,-3.9,1.3,-4.1,2.8,2.5,1.2,-0.8,-6.4,2.9,4.0,6.2,-4.0,6.7,-4.0,-11.7,4.3,4.8,17.9,-9.2,17.4,-14.6
South West,E07000081,Gloucester,3.8,3.3,5.9,2.7,2.2,1.3,-1.0,0.8,3.7,-1.2,-5.4,6.1,-0.6,4.2,-1.7,4.4,3.8,0.3,2.1,-3.0,0.5,-8.9,7.5,-2.9
South West,E07000082,Stroud,5.5,3.8,4.8,-0.5,1.3,2.8,1.3,1.1,2.3,-1.6,-5.3,7.8,2.4,2.3,2.7,0.8,-1.0,7.5,3.6,1.8,1.6,-12.1,10.8,4.3
South West,E07000083,Tewkesbury,6.1,8.8,9.8,5.8,3.3,3.9,2.7,6.1,2.2,-1.1,-3.0,2.8,4.2,1.4,7.6,3.6,3.0,-5.2,12.1,-4.7,4.4,-10.2,14.2,3.0
South West,E06000030,Swindon,5.9,3.4,11.1,1.5,5.5,1.0,1.0,4.6,6.3,1.5,-6.7,2.0,-0.7,-1.8,0.8,7.0,6.2,-0.5,0.1,3.7,0.5,-11.8,3.3,8.9
South West,E06000054,Wiltshire,4.3,4.1,5.1,0.8,0.8,1.6,0.7,0.2,3.4,0.2,-4.7,6.9,2.5,2.4,0.4,4.9,-1.9,0.9,1.5,1.3,1.5,-9.8,10.3,4.8
South West,E06000066,Somerset,5.3,4.4,0.1,1.0,1.5,3.0,3.0,3.0,-2.1,-0.7,-4.9,2.5,2.2,-1.0,-0.4,5.2,-0.7,1.0,5.5,1.8,0.6,-9.0,7.1,4.6
South West,E06000058,"Bournemouth, Christchurch and Poole",4.5,4.3,1.5,-0.5,3.0,1.6,2.9,1.5,2.5,1.2,-5.8,1.5,0.8,0.0,3.2,1.3,0.3,4.0,6.6,-1.6,1.4,-10.7,10.6,2.8
South West,E06000059,Dorset,4.6,2.4,-0.8,0.0,-0.2,1.1,1.7,1.6,-2.2,-0.2,-3.9,3.0,-0.4,-0.9,-0.2,3.7,-0.3,-0.1,3.0,0.9,1.7,-9.1,9.0,2.9
South West,E06000052,Cornwall,2.4,3.6,2.8,4.1,4.1,0.9,4.0,3.4,-2.0,0.0,-6.1,3.4,3.4,1.2,2.2,2.0,-0.9,4.0,5.6,0.9,1.5,-12.9,16.5,4.7
South West,E06000053,Isles of Scilly,2.0,4.7,-2.2,1.9,7.5,-1.0,0.1,9.7,-9.8,-0.3,-1.5,2.1,8.5,-0.3,1.2,-7.2,5.3,0.7,8.3,-0.3,-7.7,-20.5,10.9,13.9
South West,E06000026,Plymouth,4.6,0.1,4.4,0.4,2.6,6.7,-0.8,4.3,-2.3,-1.0,-4.9,3.9,2.9,-0.5,0.9,1.4,0.8,2.1,1.9,1.0,1.0,-14.6,15.9,6.9
South West,E06000027,Torbay,3.0,0.7,1.8,-0.3,1.1,7.2,0.7,2.3,-2.3,-2.7,-6.1,4.2,-0.3,-0.5,2.0,-0.8,-1.9,-0.8,0.0,-3.7,2.0,-17.2,24.4,5.3
South West,E07000040,East Devon,2.6,0.8,-1.9,0.1,-0.2,3.6,2.6,-1.1,0.7,-0.5,-3.8,7.0,2.4,1.9,-3.2,5.2,-0.3,-2.2,5.5,0.4,5.5,-12.5,17.5,8.2
South West,E07000041,Exeter,4.4,2.0,6.0,2.0,4.3,5.8,-0.5,2.9,-0.4,-1.4,-4.4,3.5,-1.1,1.3,7.1,-3.5,5.5,3.7,6.5,-0.5,2.5,-14.5,20.0,3.0
South West,E07000042,Mid Devon,2.6,1.7,1.8,2.1,-0.8,4.4,1.3,3.5,-3.7,-0.9,-3.8,5.1,2.0,-1.3,2.9,5.9,2.8,-0.3,4.3,3.2,0.9,-15.2,19.7,6.7
South West,E07000043,North Devon,7.2,1.1,1.5,2.5,2.0,3.4,1.9,5.4,-1.6,-1.5,-5.4,5.8,1.6,0.7,0.7,1.3,4.7,-0.7,1.6,0.6,1.3,-15.1,18.9,4.6
South West,E07000044,South Hams,5.7,6.4,6.3,3.9,5.8,6.2,3.3,5.3,-1.6,-0.7,-3.1,8.5,5.8,-0.8,1.8,7.9,2.4,0.1,2.0,4.2,0.3,-9.1,19.8,3.9
South West,E07000045,Teignbridge,2.0,1.7,0.8,1.8,1.2,3.6,0.1,3.0,-4.3,-3.3,-5.0,7.8,2.1,2.4,2.6,7.1,0.6,1.8,5.0,-3.1,0.9,-15.5,21.3,5.0
South West,E07000046,Torridge,4.4,3.2,4.4,4.3,0.8,4.6,3.2,3.9,-4.8,0.1,-4.1,4.8,3.6,1.1,-0.1,6.3,-4.6,0.6,4.0,-2.9,1.2,-13.9,16.4,7.2
South West,E07000047,West Devon,1.6,-0.5,0.6,3.0,0.0,4.2,1.3,2.8,-4.4,-2.6,-5.5,5.3,1.9,-4.0,2.8,4.5,-1.0,1.6,2.0,-1.6,-1.8,-11.1,17.6,1.3
Wales,W06000001,Isle of Anglesey,2.8,1.5,3.2,0.5,5.9,9.3,-0.1,-0.3,-4.6,-3.8,-9.0,1.9,5.1,0.6,0.4,-0.4,1.9,3.9,0.9,3.6,3.3,-18.0,14.2,9.5
Wales,W06000002,Gwynedd,0.8,1.4,3.3,3.4,4.7,0.6,1.5,2.8,-2.4,-4.4,-6.5,1.2,3.9,0.2,3.4,-1.9,1.4,-0.7,4.0,0.1,1.1,-19.2,15.2,2.3
Wales,W06000003,Conwy,0.7,2.8,2.1,2.5,2.6,1.6,0.7,1.5,-2.5,-3.7,-5.5,6.0,4.1,0.3,5.7,1.8,1.8,3.0,6.5,-0.9,0.1,-14.6,5.5,2.3
Wales,W06000004,Denbighshire,0.8,3.9,4.5,4.6,2.1,2.4,1.4,2.4,-1.8,-1.7,-6.2,2.8,4.0,-2.3,4.6,1.8,-0.8,3.0,3.5,0.9,-0.2,-12.3,11.0,6.7
Wales,W06000008,Ceredigion,0.5,2.9,3.3,2.8,2.3,1.6,0.2,2.2,-2.4,-3.2,-3.8,3.4,5.3,-3.2,2.1,-3.2,2.2,1.0,0.6,2.8,-1.4,-11.9,6.7,6.9
Wales,W06000009,Pembrokeshire,-4.0,4.6,2.8,2.7,1.8,13.7,-5.9,0.9,-3.8,-6.4,-7.0,2.0,0.1,-0.2,8.8,4.0,17.9,6.5,-1.5,-1.2,-1.8,-21.8,11.9,8.6
Wales,W06000010,Carmarthenshire,1.0,3.4,2.7,1.4,2.4,1.7,2.6,2.9,-1.2,-2.6,-8.0,2.7,4.0,2.5,3.2,2.3,3.4,4.2,-1.2,2.4,2.7,-12.7,10.9,5.4
Wales,W06000016,Rhondda Cynon Taf,1.4,1.6,0.9,3.2,1.9,1.5,1.8,5.0,-0.7,0.1,-0.1,5.7,3.1,1.5,3.1,2.4,-3.9,2.1,0.0,0.2,0.2,-12.0,7.3,5.4
Wales,W06000024,Merthyr Tydfil,4.1,11.5,3.0,2.7,6.1,9.6,6.6,3.8,1.7,0.0,-0.5,3.9,7.7,0.4,1.3,3.5,5.6,4.4,6.9,8.0,1.0,-11.0,7.5,2.7
Wales,W06000018,Caerphilly,1.6,4.6,2.6,1.2,2.4,2.8,1.5,4.5,-0.6,-2.5,-3.1,2.4,5.0,1.2,3.5,2.3,3.5,3.3,1.2,3.1,1.9,-7.8,7.1,-1.4
Wales,W06000019,Blaenau Gwent,0.4,3.8,2.0,0.8,0.6,2.6,1.5,3.0,-1.3,-3.5,-6.7,1.5,4.6,2.8,-0.7,-1.8,2.8,-1.5,5.0,4.6,-0.8,-8.4,9.0,4.5
Wales,W06000020,Torfaen,0.5,5.3,0.8,1.7,5.3,2.9,1.5,4.7,-3.1,-3.3,-6.6,3.3,4.7,-3.2,3.7,1.2,-3.7,-2.3,3.9,5.4,5.0,-13.4,7.9,8.0
Wales,W06000012,Neath Port Talbot,3.4,1.9,-4.7,-3.7,-0.6,0.4,0.1,8.3,-0.9,-3.4,-5.7,5.5,-1.1,3.3,2.5,2.6,6.9,2.9,-0.1,1.0,2.0,-12.0,8.8,0.2
Wales,W06000013,Bridgend,1.5,4.6,3.3,2.6,4.9,3.3,2.6,6.0,0.7,1.0,-7.7,2.5,4.7,-1.6,2.9,5.5,-1.8,-2.4,5.2,2.7,5.1,-11.3,6.3,0.1
Wales,W06000011,Swansea,0.6,2.9,3.5,0.8,2.5,4.2,2.2,1.3,2.5,0.0,-4.9,0.8,1.5,1.5,0.2,7.0,-1.2,3.7,4.3,5.2,0.8,-12.3,3.4,0.2
Wales,W06000021,Monmouthshire,5.9,8.9,2.5,2.0,3.0,3.4,2.4,3.7,-0.7,-2.0,-5.2,1.9,3.1,2.0,0.6,3.0,4.2,-1.9,0.2,2.7,0.9,-6.6,1.3,1.6
Wales,W06000022,Newport,4.8,6.8,2.0,0.0,5.5,3.5,0.5,4.1,1.5,-7.0,-4.0,3.5,3.2,2.1,-2.4,-0.5,3.2,8.8,2.4,6.9,-0.2,-12.4,4.8,3.4
Wales,W06000014,Vale of Glamorgan,5.2,3.0,7.2,2.2,4.9,-3.1,0.2,3.1,-2.4,-6.1,-2.5,2.9,1.8,5.2,4.1,-1.0,5.2,1.3,-2.5,-1.4,1.5,-16.0,3.8,7.4
Wales,W06000015,Cardiff,7.4,4.1,2.0,1.9,3.5,1.7,2.1,1.5,8.2,-3.8,-4.2,2.6,3.1,3.1,-0.5,1.5,2.7,4.9,3.2,2.1,2.5,-5.6,4.6,3.0
Wales,W06000005,Flintshire,3.2,4.6,2.8,-0.7,4.2,3.6,1.4,7.7,-1.2,0.7,-4.9,4.7,8.3,2.5,1.1,0.0,0.8,4.8,1.3,3.6,2.3,-5.2,0.0,2.0
Wales,W06000006,Wrexham,1.9,7.2,5.4,0.6,4.3,4.0,2.1,5.4,1.0,-4.7,-3.4,2.3,3.5,1.7,3.0,-2.7,0.7,0.2,0.0,5.2,2.7,-8.3,10.5,3.8
Wales,W06000023,Powys,3.4,6.0,3.0,1.5,4.8,1.1,1.0,1.4,-0.9,-6.1,-3.4,3.2,3.8,2.1,1.3,2.3,2.7,1.1,-1.0,0.3,-1.0,-10.6,3.5,4.9
Scotland,S12000033,Aberdeen City,0.1,0.9,5.7,1.3,-0.4,4.2,2.7,12.8,8.8,6.0,-4.2,4.0,1.5,5.5,4.7,3.0,3.0,-9.3,-5.2,-1.0,2.0,-17.6,5.1,8.5
Scotland,S12000034,Aberdeenshire,0.4,2.1,5.0,1.9,-1.4,3.8,5.1,11.0,5.2,3.1,-3.5,2.6,4.6,-0.5,7.1,9.9,1.1,-3.9,0.4,-5.2,-2.7,-10.0,4.2,0.3
Scotland,S12000017,Highland,4.8,1.8,1.9,-1.3,5.9,4.4,2.7,1.7,-1.2,-0.1,-4.0,7.0,4.3,1.9,4.1,1.6,0.5,0.8,4.8,0.2,0.7,-14.4,8.1,4.6
Scotland,S12000020,Moray,2.8,1.9,0.1,0.7,5.1,3.9,3.1,4.0,1.8,7.3,-1.0,-1.1,2.9,-2.9,3.2,-1.3,0.7,-0.2,7.0,0.0,0.2,-7.3,5.0,4.2
Scotland,S12000021,North Ayrshire,4.5,0.1,1.4,-3.2,3.6,0.7,3.0,3.8,-1.4,-1.9,-6.8,3.8,0.3,2.3,4.5,0.6,0.2,-0.7,0.3,-0.7,2.5,-7.4,7.8,4.9
Scotland,S12000035,Argyll and Bute,4.2,0.0,3.9,-1.3,3.9,4.6,5.2,0.4,-1.1,0.0,-1.8,0.5,4.1,0.1,0.1,0.4,-3.2,1.6,4.4,-2.0,2.5,-12.3,8.2,2.7
Scotland,S12000013,Na h-Eileanan Siar,6.4,2.2,6.5,-1.2,6.6,6.5,3.8,0.7,-0.5,2.1,-1.8,6.2,4.1,-0.3,-1.1,3.8,-1.9,0.1,2.2,4.0,5.2,-9.2,7.8,-4.3
Scotland,S12000023,Orkney Islands,4.1,2.3,2.5,-3.1,4.8,7.0,6.4,-1.7,-1.4,3.5,-1.6,3.7,5.1,0.0,-4.2,1.5,0.4,-3.5,-1.3,-7.7,3.0,-11.5,4.2,3.8
Scotland,S12000027,Shetland Islands,1.9,-4.6,4.2,-1.1,2.1,6.6,2.5,2.1,-1.0,2.9,5.5,-1.3,4.7,-0.9,3.8,6.8,-7.5,-3.4,2.6,-1.6,3.1,-11.6,-0.8,-1.3
Scotland,S12000041,Angus,3.7,2.9,0.8,1.0,2.5,1.5,5.3,9.0,-0.2,-1.2,-4.9,1.8,2.3,-0.8,3.4,6.1,-4.1,2.8,-0.2,1.7,5.6,-14.8,13.3,2.7
Scotland,S12000042,Dundee City,0.5,6.9,2.6,0.8,3.4,2.8,0.0,1.0,0.4,-1.8,-3.3,1.7,3.2,1.0,1.3,1.5,0.3,-1.2,2.1,0.6,2.3,-16.8,12.4,4.3
Scotland,S12000005,Clackmannanshire,3.9,1.7,-1.4,1.4,4.4,4.4,3.8,5.5,2.8,-0.5,-4.3,-0.2,2.4,-1.5,1.3,8.2,1.5,1.6,0.9,7.1,1.9,-9.8,10.8,2.7
Scotland,S12000047,Fife,4.5,5.3,4.9,3.2,3.4,3.0,2.8,7.4,0.0,0.1,-4.9,1.8,1.8,1.8,3.2,3.5,1.0,1.7,3.1,-2.0,1.1,-8.1,8.0,2.5
Scotland,S12000010,East Lothian,4.3,1.8,3.0,3.1,3.4,1.9,1.7,6.0,-1.2,-3.7,-4.6,5.2,4.3,-0.4,6.3,2.9,1.9,2.9,3.5,1.7,2.1,-11.9,11.8,0.8
Scotland,S12000019,Midlothian,2.8,4.8,0.1,-0.3,1.3,3.3,-0.2,-0.5,-0.6,-0.4,-4.1,4.2,5.1,1.4,6.3,3.7,2.9,0.8,3.3,2.5,1.9,-10.8,11.2,1.9
Scotland,S12000036,City of Edinburgh,1.1,7.8,4.5,4.2,3.8,3.0,4.0,-1.6,10.4,-1.3,-4.1,2.4,-2.4,3.2,0.2,1.3,1.7,6.6,5.6,2.0,1.8,-13.4,10.3,6.2
Scotland,S12000014,Falkirk,-0.7,3.8,0.1,2.7,3.3,3.2,3.6,7.9,-3.7,2.0,-1.9,-0.7,-1.8,-0.7,0.7,4.0,1.9,1.1,0.4,1.7,0.6,-14.4,11.1,-1.4
Scotland,S12000048,Perth and Kinross,1.0,-3.3,4.3,2.6,3.1,0.0,-1.1,6.7,-3.0,-3.9,-1.2,2.3,3.2,2.7,4.9,1.1,5.6,1.1,0.0,-1.7,0.2,-15.6,6.5,-0.5
Scotland,S12000030,Stirling,3.4,6.0,1.7,0.4,3.1,-1.6,5.1,-4.0,12.8,-1.6,-4.9,3.7,-1.9,1.0,0.4,-1.1,-0.3,-0.8,5.3,-3.7,4.3,-12.2,9.7,-1.8
Scotland,S12000040,West Lothian,5.5,5.1,4.0,4.7,4.7,5.4,2.3,6.9,1.4,-0.4,-4.5,5.5,6.0,1.1,-3.8,4.8,5.0,0.3,3.1,4.3,1.5,-4.5,12.4,4.6
Scotland,S12000039,West Dunbartonshire,1.0,2.9,5.3,0.4,1.9,5.4,4.1,4.5,-2.0,2.1,-5.7,-0.9,2.9,-4.2,-0.3,3.4,0.9,7.7,3.3,3.0,1.4,-14.4,4.9,2.8
Scotland,S12000045,East Dunbartonshire,3.2,0.3,1.7,-0.3,4.2,1.8,2.1,1.4,-4.1,-2.8,-3.6,1.8,3.8,2.0,3.9,4.5,1.5,-0.2,6.7,0.4,1.1,-15.7,11.9,5.9
Scotland,S12000049,Glasgow City,3.1,3.9,3.2,-1.4,2.4,4.4,4.8,0.9,3.8,0.9,-5.1,-0.6,3.0,0.1,2.8,1.5,0.3,1.1,4.5,1.0,3.1,-10.5,11.1,5.4
Scotland,S12000011,East Renfrewshire,2.6,2.5,-0.3,0.9,2.8,1.9,-2.5,1.2,-4.0,1.1,-3.1,4.6,3.0,3.0,6.5,3.7,0.5,1.0,5.1,-1.1,-1.3,-9.1,9.5,2.1
Scotland,S12000038,Renfrewshire,1.5,6.2,2.1,1.0,1.8,4.3,3.1,5.6,-3.6,1.3,-5.1,0.6,3.6,0.8,3.1,7.5,0.1,-2.7,5.1,2.0,1.7,-12.9,11.8,-2.5
Scotland,S12000018,Inverclyde,2.2,11.5,10.3,6.6,4.7,7.8,4.1,3.4,-1.2,3.2,-2.2,1.9,7.0,3.0,-2.0,8.9,1.4,0.0,-0.4,-4.8,-4.1,-18.4,13.3,-0.3
Scotland,S12000050,North Lanarkshire,1.5,2.9,5.4,1.0,3.1,2.8,2.4,3.6,-2.4,1.1,-5.6,1.7,3.0,0.4,2.7,8.2,0.3,1.8,5.3,0.8,1.8,-11.0,9.0,3.6
Scotland,S12000026,Scottish Borders,3.0,4.1,4.4,2.8,1.7,0.4,7.4,4.1,-3.5,0.6,-3.4,2.9,3.0,-0.5,2.8,5.9,0.8,-1.4,1.8,2.1,1.0,-13.6,9.6,-3.9
Scotland,S12000006,Dumfries and Galloway,5.1,4.3,4.0,-0.8,3.2,1.5,5.3,1.8,-4.7,1.9,-5.0,-0.7,3.6,-0.5,3.4,4.1,-2.1,0.6,2.5,-1.9,2.3,-13.5,5.6,1.8
Scotland,S12000008,East Ayrshire,3.3,2.9,3.5,-1.6,0.2,1.5,5.7,1.0,0.5,1.5,-6.1,0.4,1.3,-1.3,-0.4,1.2,1.2,-0.2,3.6,-2.8,-1.7,-15.5,11.2,6.2
Scotland,S12000028,South Ayrshire,2.3,6.4,1.1,1.0,0.9,3.9,3.5,3.9,-3.7,0.8,-3.3,3.0,1.3,-2.7,-1.0,2.9,-0.6,-0.1,2.6,0.3,-0.9,-18.5,6.8,7.9
Scotland,S12000029,South Lanarkshire,2.8,0.9,5.1,1.0,4.0,1.8,2.2,5.3,-2.2,0.4,-6.2,1.8,2.8,0.8,2.4,0.9,0.7,2.3,2.8,-2.4,-0.4,-13.2,5.2,5.5
Northern Ireland,N09000003,Belfast,5.4,7.0,3.7,0.7,6.2,3.0,2.1,2.4,1.5,-2.0,-4.8,-2.3,3.2,-0.1,3.7,-0.4,2.1,4.8,5.4,0.7,1.1,-12.7,15.2,3.4
Northern Ireland,N09000002,"Armagh City, Banbridge and Craigavon",5.2,5.7,5.4,-0.4,3.1,2.6,4.4,3.9,1.3,-3.8,-6.0,2.1,3.8,0.7,4.2,4.6,1.3,5.9,1.0,3.5,2.8,-13.4,11.9,2.3
Northern Ireland,N09000010,"Newry, Mourne and Down",5.1,5.4,2.5,-0.3,2.7,2.4,4.5,2.6,-1.8,-2.2,-7.3,1.4,5.1,2.2,3.7,5.2,-0.1,3.6,1.5,1.1,3.8,-11.1,8.4,3.4
Northern Ireland,N09000011,Ards and North Down,4.3,4.6,3.3,0.8,2.8,0.9,4.5,3.8,-1.4,-3.5,-5.9,0.9,3.9,0.0,-2.9,2.5,-0.8,7.1,2.4,1.2,2.3,-11.4,7.3,0.4
Northern Ireland,N09000005,Derry City and Strabane,5.6,4.4,2.7,0.2,8.1,-0.8,7.1,2.8,-0.7,0.0,-4.4,1.0,1.5,3.0,-0.4,1.8,2.0,4.6,4.3,0.7,4.9,-9.8,8.4,5.8
Northern Ireland,N09000009,Mid Ulster,7.2,8.3,2.0,-0.6,6.3,2.2,5.1,4.4,-1.0,-7.8,-10.7,4.9,3.5,0.4,4.0,4.9,0.4,4.0,1.0,5.6,4.4,-11.4,11.8,3.3
Northern Ireland,N09000004,Causeway Coast and Glens,7.0,10.3,1.6,1.1,4.3,1.2,5.1,5.2,-2.3,-4.3,-5.5,2.1,5.7,0.6,-0.2,1.2,-1.8,5.2,2.1,-2.9,0.6,-13.7,10.6,2.4
Northern Ireland,N09000001,Antrim and Newtownabbey,5.7,6.9,3.3,-0.2,1.7,2.0,2.3,4.8,1.9,-5.6,-6.3,3.1,4.5,1.3,-1.1,5.3,0.6,2.6,4.3,0.4,2.7,-14.6,11.9,1.4
Northern Ireland,N09000007,Lisburn and Castlereagh,4.5,6.1,3.9,-1.0,2.8,0.4,3.8,3.4,-0.8,-3.7,-4.1,1.6,3.6,3.2,0.9,2.8,3.8,4.0,1.4,3.0,3.8,-15.0,13.4,4.9
Northern Ireland,N09000008,Mid and East Antrim,-3.8,4.3,-3.3,3.0,-1.1,3.6,0.5,-0.1,-4.8,-2.2,-0.2,-1.4,-5.4,5.5,-3.6,-6.4,4.6,-7.2,-14.0,-14.5,2.0,-7.9,5.4,0.8
Northern Ireland,N09000006,Fermanagh and Omagh,6.3,6.9,3.2,0.7,3.7,2.0,6.9,2.0,-0.8,-2.9,-6.6,2.8,2.4,3.7,-5.3,6.5,-0.6,6.1,3.3,2.7,2.2,-10.9,11.1,1.7
